Commit Pair,Entity AST Name,File Path,Entity Type,Is Direct Edit,Strict Ground Truth Drifted,Strict Label,Displaced Queries,Evaluated Queries,Positive Deltas,Mean Delta nDCG,p-value,Is Covered
C0 (43ce5d5) -> C1 (0b20d3a),src/api.py::APIRouter,src/api.py,class,YES,NOT DRIFTED,0,0,404,0,0.0,1.0,YES
C0 (43ce5d5) -> C1 (0b20d3a),src/api.py::APIRouter::__init__,src/api.py,method,YES,NOT DRIFTED,0,0,404,0,0.0,1.0,YES
C0 (43ce5d5) -> C1 (0b20d3a),src/api.py::APIRouter::match_route,src/api.py,method,YES,NOT DRIFTED,0,0,404,0,0.0,1.0,YES
C0 (43ce5d5) -> C1 (0b20d3a),src/api.py::MiddlewarePipeline,src/api.py,class,YES,NOT DRIFTED,0,0,404,0,0.0,1.0,YES
C0 (43ce5d5) -> C1 (0b20d3a),src/api.py::MiddlewarePipeline::__init__,src/api.py,method,YES,NOT DRIFTED,0,0,404,0,0.0,1.0,YES
C0 (43ce5d5) -> C1 (0b20d3a),src/api.py::MiddlewarePipeline::register,src/api.py,method,YES,NOT DRIFTED,0,0,404,0,0.0,1.0,YES
C0 (43ce5d5) -> C1 (0b20d3a),src/api.py::RateLimiter,src/api.py,class,YES,NOT DRIFTED,0,0,404,0,0.0,1.0,YES
C0 (43ce5d5) -> C1 (0b20d3a),src/api.py::RateLimiter::__init__,src/api.py,method,YES,NOT DRIFTED,0,0,404,0,0.0,1.0,YES
C0 (43ce5d5) -> C1 (0b20d3a),src/api.py::RateLimiter::is_exceeded,src/api.py,method,YES,NOT DRIFTED,0,0,404,0,0.0,1.0,YES
C0 (43ce5d5) -> C1 (0b20d3a),src/api.py::ResponseFormatter,src/api.py,class,YES,NOT DRIFTED,0,0,404,0,0.0,1.0,YES
C0 (43ce5d5) -> C1 (0b20d3a),src/api.py::ResponseFormatter::__init__,src/api.py,method,YES,NOT DRIFTED,0,0,404,0,0.0,1.0,YES
C0 (43ce5d5) -> C1 (0b20d3a),src/api.py::ResponseFormatter::build_envelope,src/api.py,method,YES,NOT DRIFTED,0,0,404,0,0.0,1.0,YES
C0 (43ce5d5) -> C1 (0b20d3a),src/api.py::allow_request,src/api.py,function,YES,NOT DRIFTED,0,0,404,0,0.0,1.0,YES
C0 (43ce5d5) -> C1 (0b20d3a),src/api.py::auth_middleware,src/api.py,function,YES,DRIFTED,1,8,404,1,-0.0009,1.0,YES
C0 (43ce5d5) -> C1 (0b20d3a),src/api.py::error_handler,src/api.py,function,YES,NOT DRIFTED,0,0,404,0,0.0,1.0,YES
C0 (43ce5d5) -> C1 (0b20d3a),src/api.py::handle_request,src/api.py,function,YES,NOT DRIFTED,0,0,404,0,0.0,1.0,YES
C0 (43ce5d5) -> C1 (0b20d3a),src/api.py::json_response,src/api.py,function,YES,NOT DRIFTED,0,0,404,0,0.0,1.0,YES
C0 (43ce5d5) -> C1 (0b20d3a),src/api.py::logging_middleware,src/api.py,function,YES,NOT DRIFTED,0,0,404,0,0.0,1.0,YES
C0 (43ce5d5) -> C1 (0b20d3a),src/auth.py::RBACController,src/auth.py,class,YES,NOT DRIFTED,0,0,404,0,0.0,1.0,YES
C0 (43ce5d5) -> C1 (0b20d3a),src/auth.py::RBACController::__init__,src/auth.py,method,YES,NOT DRIFTED,0,0,404,0,0.0,1.0,YES
C0 (43ce5d5) -> C1 (0b20d3a),src/auth.py::RBACController::is_authorized,src/auth.py,method,YES,NOT DRIFTED,0,0,404,0,0.0,1.0,YES
C0 (43ce5d5) -> C1 (0b20d3a),src/auth.py::SessionManager,src/auth.py,class,YES,DRIFTED,1,43,404,5,0.0031,1.0,YES
C0 (43ce5d5) -> C1 (0b20d3a),src/auth.py::SessionManager::__init__,src/auth.py,method,YES,DRIFTED,1,11,404,15,0.0008,1.0,YES
C0 (43ce5d5) -> C1 (0b20d3a),src/auth.py::SessionManager::get_session,src/auth.py,method,YES,DRIFTED,1,31,404,1,-0.0011,1.0,YES
C0 (43ce5d5) -> C1 (0b20d3a),src/auth.py::TokenValidator,src/auth.py,class,YES,DRIFTED,1,15,404,1,-0.0003,1.0,YES
C0 (43ce5d5) -> C1 (0b20d3a),src/auth.py::TokenValidator::__init__,src/auth.py,method,YES,DRIFTED,1,11,404,4,0.0001,1.0,YES
C0 (43ce5d5) -> C1 (0b20d3a),src/auth.py::TokenValidator::validate_structure,src/auth.py,method,YES,DRIFTED,1,3,404,0,0.0,1.0,YES
C0 (43ce5d5) -> C1 (0b20d3a),src/auth.py::check_permission,src/auth.py,function,YES,NOT DRIFTED,0,0,404,0,0.0,1.0,YES
C0 (43ce5d5) -> C1 (0b20d3a),src/auth.py::create_session,src/auth.py,function,YES,DRIFTED,1,7,404,1,0.0006,1.0,YES
C0 (43ce5d5) -> C1 (0b20d3a),src/auth.py::destroy_session,src/auth.py,function,YES,NOT DRIFTED,0,0,404,0,0.0,1.0,YES
C0 (43ce5d5) -> C1 (0b20d3a),src/auth.py::generate_token,src/auth.py,function,YES,DRIFTED,1,13,404,0,-0.0003,1.0,YES
C0 (43ce5d5) -> C1 (0b20d3a),src/auth.py::hash_password,src/auth.py,function,YES,DRIFTED,1,1,404,1,0.0009,1.0,YES
C0 (43ce5d5) -> C1 (0b20d3a),src/auth.py::validate_jwt,src/auth.py,function,YES,DRIFTED,1,18,404,2,0.0012,1.0,YES
C0 (43ce5d5) -> C1 (0b20d3a),src/auth.py::verify_password,src/auth.py,function,YES,DRIFTED,1,2,404,0,0.0,1.0,YES
C0 (43ce5d5) -> C1 (0b20d3a),src/cache.py::InvalidationManager,src/cache.py,class,NO,NOT DRIFTED,0,0,404,0,0.0,1.0,YES
C0 (43ce5d5) -> C1 (0b20d3a),src/cache.py::InvalidationManager::__init__,src/cache.py,method,NO,NOT DRIFTED,0,0,404,0,0.0,1.0,YES
C0 (43ce5d5) -> C1 (0b20d3a),src/cache.py::InvalidationManager::should_purge,src/cache.py,method,NO,NOT DRIFTED,0,0,404,0,0.0,1.0,YES
C0 (43ce5d5) -> C1 (0b20d3a),src/cache.py::KeySerializer,src/cache.py,class,NO,NOT DRIFTED,0,0,404,0,0.0,1.0,YES
C0 (43ce5d5) -> C1 (0b20d3a),src/cache.py::KeySerializer::__init__,src/cache.py,method,NO,NOT DRIFTED,0,0,404,0,0.0,1.0,YES
C0 (43ce5d5) -> C1 (0b20d3a),src/cache.py::KeySerializer::format_prefix,src/cache.py,method,NO,NOT DRIFTED,0,0,404,0,0.0,1.0,YES
C0 (43ce5d5) -> C1 (0b20d3a),src/cache.py::LRUCache,src/cache.py,class,NO,NOT DRIFTED,0,0,404,0,0.0,1.0,YES
C0 (43ce5d5) -> C1 (0b20d3a),src/cache.py::LRUCache::__init__,src/cache.py,method,NO,NOT DRIFTED,0,0,404,0,0.0,1.0,YES
C0 (43ce5d5) -> C1 (0b20d3a),src/cache.py::LRUCache::is_full,src/cache.py,method,NO,NOT DRIFTED,0,0,404,0,0.0,1.0,YES
C0 (43ce5d5) -> C1 (0b20d3a),src/cache.py::RedisManager,src/cache.py,class,NO,NOT DRIFTED,0,0,404,0,0.0,1.0,YES
C0 (43ce5d5) -> C1 (0b20d3a),src/cache.py::RedisManager::__init__,src/cache.py,method,NO,NOT DRIFTED,0,0,404,0,0.0,1.0,YES
C0 (43ce5d5) -> C1 (0b20d3a),src/cache.py::RedisManager::ping,src/cache.py,method,NO,NOT DRIFTED,0,0,404,0,0.0,1.0,YES
C0 (43ce5d5) -> C1 (0b20d3a),src/cache.py::cache_get,src/cache.py,function,NO,NOT DRIFTED,0,0,404,0,0.0,1.0,YES
C0 (43ce5d5) -> C1 (0b20d3a),src/cache.py::cache_set,src/cache.py,function,NO,NOT DRIFTED,0,0,404,0,0.0,1.0,YES
C0 (43ce5d5) -> C1 (0b20d3a),src/cache.py::flush_all,src/cache.py,function,NO,NOT DRIFTED,0,0,404,0,0.0,1.0,YES
C0 (43ce5d5) -> C1 (0b20d3a),src/cache.py::purge_stale_keys,src/cache.py,function,NO,NOT DRIFTED,0,0,404,0,0.0,1.0,YES
C0 (43ce5d5) -> C1 (0b20d3a),src/cache.py::redis_connect,src/cache.py,function,NO,NOT DRIFTED,0,0,404,0,0.0,1.0,YES
C0 (43ce5d5) -> C1 (0b20d3a),src/cache.py::serialize_key,src/cache.py,function,NO,NOT DRIFTED,0,0,404,0,0.0,1.0,YES
C0 (43ce5d5) -> C1 (0b20d3a),src/database.py::DatabaseClient,src/database.py,class,NO,NOT DRIFTED,0,0,404,0,0.0,1.0,YES
C0 (43ce5d5) -> C1 (0b20d3a),src/database.py::DatabaseClient::__init__,src/database.py,method,NO,NOT DRIFTED,0,0,404,0,0.0,1.0,YES
C0 (43ce5d5) -> C1 (0b20d3a),src/database.py::DatabaseClient::is_active,src/database.py,method,NO,NOT DRIFTED,0,0,404,0,0.0,1.0,YES
C0 (43ce5d5) -> C1 (0b20d3a),src/database.py::MigrationRunner,src/database.py,class,NO,NOT DRIFTED,0,0,404,0,0.0,1.0,YES
C0 (43ce5d5) -> C1 (0b20d3a),src/database.py::MigrationRunner::__init__,src/database.py,method,NO,NOT DRIFTED,0,0,404,0,0.0,1.0,YES
C0 (43ce5d5) -> C1 (0b20d3a),src/database.py::MigrationRunner::get_version,src/database.py,method,NO,NOT DRIFTED,0,0,404,0,0.0,1.0,YES
C0 (43ce5d5) -> C1 (0b20d3a),src/database.py::ORMModel,src/database.py,class,NO,NOT DRIFTED,0,0,404,0,0.0,1.0,YES
C0 (43ce5d5) -> C1 (0b20d3a),src/database.py::ORMModel::__init__,src/database.py,method,NO,NOT DRIFTED,0,0,404,0,0.0,1.0,YES
C0 (43ce5d5) -> C1 (0b20d3a),src/database.py::ORMModel::to_dict,src/database.py,method,NO,NOT DRIFTED,0,0,404,0,0.0,1.0,YES
C0 (43ce5d5) -> C1 (0b20d3a),src/database.py::QueryBuilder,src/database.py,class,NO,NOT DRIFTED,0,0,404,0,0.0,1.0,YES
C0 (43ce5d5) -> C1 (0b20d3a),src/database.py::QueryBuilder::__init__,src/database.py,method,NO,NOT DRIFTED,0,0,404,0,0.0,1.0,YES
C0 (43ce5d5) -> C1 (0b20d3a),src/database.py::QueryBuilder::build_clause,src/database.py,method,NO,NOT DRIFTED,0,0,404,0,0.0,1.0,YES
C0 (43ce5d5) -> C1 (0b20d3a),src/database.py::apply_migrations,src/database.py,function,NO,NOT DRIFTED,0,0,404,0,0.0,1.0,YES
C0 (43ce5d5) -> C1 (0b20d3a),src/database.py::build_insert_query,src/database.py,function,NO,NOT DRIFTED,0,0,404,0,0.0,1.0,YES
C0 (43ce5d5) -> C1 (0b20d3a),src/database.py::build_select_query,src/database.py,function,NO,NOT DRIFTED,0,0,404,0,0.0,1.0,YES
C0 (43ce5d5) -> C1 (0b20d3a),src/database.py::connect_db,src/database.py,function,NO,NOT DRIFTED,0,0,404,0,0.0,1.0,YES
C0 (43ce5d5) -> C1 (0b20d3a),src/database.py::execute_query,src/database.py,function,NO,NOT DRIFTED,0,0,404,0,0.0,1.0,YES
C0 (43ce5d5) -> C1 (0b20d3a),src/database.py::save_model,src/database.py,function,NO,NOT DRIFTED,0,0,404,0,0.0,1.0,YES
C0 (43ce5d5) -> C1 (0b20d3a),src/utils.py::CryptoHelper,src/utils.py,class,NO,NOT DRIFTED,0,0,404,0,0.0,1.0,YES
C0 (43ce5d5) -> C1 (0b20d3a),src/utils.py::CryptoHelper::__init__,src/utils.py,method,NO,NOT DRIFTED,0,0,404,0,0.0,1.0,YES
C0 (43ce5d5) -> C1 (0b20d3a),src/utils.py::CryptoHelper::get_key_length,src/utils.py,method,NO,NOT DRIFTED,0,0,404,0,0.0,1.0,YES
C0 (43ce5d5) -> C1 (0b20d3a),src/utils.py::DateFormatter,src/utils.py,class,NO,NOT DRIFTED,0,0,404,0,0.0,1.0,YES
C0 (43ce5d5) -> C1 (0b20d3a),src/utils.py::DateFormatter::__init__,src/utils.py,method,NO,NOT DRIFTED,0,0,404,0,0.0,1.0,YES
C0 (43ce5d5) -> C1 (0b20d3a),src/utils.py::DateFormatter::get_tz,src/utils.py,method,NO,NOT DRIFTED,0,0,404,0,0.0,1.0,YES
C0 (43ce5d5) -> C1 (0b20d3a),src/utils.py::LoggerWrapper,src/utils.py,class,NO,NOT DRIFTED,0,0,404,0,0.0,1.0,YES
C0 (43ce5d5) -> C1 (0b20d3a),src/utils.py::LoggerWrapper::__init__,src/utils.py,method,NO,NOT DRIFTED,0,0,404,0,0.0,1.0,YES
C0 (43ce5d5) -> C1 (0b20d3a),src/utils.py::LoggerWrapper::format_msg,src/utils.py,method,NO,NOT DRIFTED,0,0,404,0,0.0,1.0,YES
C0 (43ce5d5) -> C1 (0b20d3a),src/utils.py::StringCleaner,src/utils.py,class,NO,NOT DRIFTED,0,0,404,0,0.0,1.0,YES
C0 (43ce5d5) -> C1 (0b20d3a),src/utils.py::StringCleaner::__init__,src/utils.py,method,NO,NOT DRIFTED,0,0,404,0,0.0,1.0,YES
C0 (43ce5d5) -> C1 (0b20d3a),src/utils.py::StringCleaner::clean,src/utils.py,method,NO,NOT DRIFTED,0,0,404,0,0.0,1.0,YES
C0 (43ce5d5) -> C1 (0b20d3a),src/utils.py::decrypt_data,src/utils.py,function,NO,NOT DRIFTED,0,0,404,0,0.0,1.0,YES
C0 (43ce5d5) -> C1 (0b20d3a),src/utils.py::encrypt_data,src/utils.py,function,NO,NOT DRIFTED,0,0,404,0,0.0,1.0,YES
C0 (43ce5d5) -> C1 (0b20d3a),src/utils.py::format_iso_date,src/utils.py,function,NO,NOT DRIFTED,0,0,404,0,0.0,1.0,YES
C0 (43ce5d5) -> C1 (0b20d3a),src/utils.py::log_error,src/utils.py,function,NO,NOT DRIFTED,0,0,404,0,0.0,1.0,YES
C0 (43ce5d5) -> C1 (0b20d3a),src/utils.py::log_info,src/utils.py,function,NO,NOT DRIFTED,0,0,404,0,0.0,1.0,YES
C0 (43ce5d5) -> C1 (0b20d3a),src/utils.py::sanitize_input,src/utils.py,function,NO,NOT DRIFTED,0,0,404,0,0.0,1.0,YES
C1 (0b20d3a) -> C2 (f951195),src/api.py::APIRouter,src/api.py,class,NO,NOT DRIFTED,0,0,404,0,0.0,1.0,YES
C1 (0b20d3a) -> C2 (f951195),src/api.py::APIRouter::__init__,src/api.py,method,NO,NOT DRIFTED,0,0,404,0,0.0,1.0,YES
C1 (0b20d3a) -> C2 (f951195),src/api.py::APIRouter::match_route,src/api.py,method,NO,NOT DRIFTED,0,0,404,0,0.0,1.0,YES
C1 (0b20d3a) -> C2 (f951195),src/api.py::MiddlewarePipeline,src/api.py,class,NO,NOT DRIFTED,0,0,404,0,0.0,1.0,YES
C1 (0b20d3a) -> C2 (f951195),src/api.py::MiddlewarePipeline::__init__,src/api.py,method,NO,NOT DRIFTED,0,0,404,0,0.0,1.0,YES
C1 (0b20d3a) -> C2 (f951195),src/api.py::MiddlewarePipeline::register,src/api.py,method,NO,NOT DRIFTED,0,0,404,0,0.0,1.0,YES
C1 (0b20d3a) -> C2 (f951195),src/api.py::RateLimiter,src/api.py,class,NO,NOT DRIFTED,0,0,404,0,0.0,1.0,YES
C1 (0b20d3a) -> C2 (f951195),src/api.py::RateLimiter::__init__,src/api.py,method,NO,NOT DRIFTED,0,0,404,0,0.0,1.0,YES
C1 (0b20d3a) -> C2 (f951195),src/api.py::RateLimiter::is_exceeded,src/api.py,method,NO,NOT DRIFTED,0,0,404,0,0.0,1.0,YES
C1 (0b20d3a) -> C2 (f951195),src/api.py::ResponseFormatter,src/api.py,class,NO,NOT DRIFTED,0,0,404,0,0.0,1.0,YES
C1 (0b20d3a) -> C2 (f951195),src/api.py::ResponseFormatter::__init__,src/api.py,method,NO,NOT DRIFTED,0,0,404,0,0.0,1.0,YES
C1 (0b20d3a) -> C2 (f951195),src/api.py::ResponseFormatter::build_envelope,src/api.py,method,NO,NOT DRIFTED,0,0,404,0,0.0,1.0,YES
C1 (0b20d3a) -> C2 (f951195),src/api.py::allow_request,src/api.py,function,NO,NOT DRIFTED,0,0,404,0,0.0,1.0,YES
C1 (0b20d3a) -> C2 (f951195),src/api.py::auth_middleware,src/api.py,function,NO,NOT DRIFTED,0,0,404,0,0.0,1.0,YES
C1 (0b20d3a) -> C2 (f951195),src/api.py::error_handler,src/api.py,function,NO,NOT DRIFTED,0,0,404,0,0.0,1.0,YES
C1 (0b20d3a) -> C2 (f951195),src/api.py::handle_request,src/api.py,function,NO,NOT DRIFTED,0,0,404,0,0.0,1.0,YES
C1 (0b20d3a) -> C2 (f951195),src/api.py::json_response,src/api.py,function,NO,NOT DRIFTED,0,0,404,0,0.0,1.0,YES
C1 (0b20d3a) -> C2 (f951195),src/api.py::logging_middleware,src/api.py,function,NO,NOT DRIFTED,0,0,404,0,0.0,1.0,YES
C1 (0b20d3a) -> C2 (f951195),src/auth.py::RBACController,src/auth.py,class,NO,NOT DRIFTED,0,0,404,0,0.0,1.0,YES
C1 (0b20d3a) -> C2 (f951195),src/auth.py::RBACController::__init__,src/auth.py,method,NO,NOT DRIFTED,0,0,404,0,0.0,1.0,YES
C1 (0b20d3a) -> C2 (f951195),src/auth.py::RBACController::is_authorized,src/auth.py,method,NO,NOT DRIFTED,0,0,404,0,0.0,1.0,YES
C1 (0b20d3a) -> C2 (f951195),src/auth.py::SessionManager,src/auth.py,class,NO,NOT DRIFTED,0,0,404,0,0.0,1.0,YES
C1 (0b20d3a) -> C2 (f951195),src/auth.py::SessionManager::__init__,src/auth.py,method,NO,NOT DRIFTED,0,0,404,0,0.0,1.0,YES
C1 (0b20d3a) -> C2 (f951195),src/auth.py::SessionManager::get_session,src/auth.py,method,NO,NOT DRIFTED,0,0,404,0,0.0,1.0,YES
C1 (0b20d3a) -> C2 (f951195),src/auth.py::TokenValidator,src/auth.py,class,NO,NOT DRIFTED,0,0,404,0,0.0,1.0,YES
C1 (0b20d3a) -> C2 (f951195),src/auth.py::TokenValidator::__init__,src/auth.py,method,NO,NOT DRIFTED,0,0,404,0,0.0,1.0,YES
C1 (0b20d3a) -> C2 (f951195),src/auth.py::TokenValidator::validate_structure,src/auth.py,method,NO,NOT DRIFTED,0,0,404,0,0.0,1.0,YES
C1 (0b20d3a) -> C2 (f951195),src/auth.py::check_permission,src/auth.py,function,NO,NOT DRIFTED,0,0,404,0,0.0,1.0,YES
C1 (0b20d3a) -> C2 (f951195),src/auth.py::create_session,src/auth.py,function,NO,NOT DRIFTED,0,0,404,0,0.0,1.0,YES
C1 (0b20d3a) -> C2 (f951195),src/auth.py::destroy_session,src/auth.py,function,NO,NOT DRIFTED,0,0,404,0,0.0,1.0,YES
C1 (0b20d3a) -> C2 (f951195),src/auth.py::generate_token,src/auth.py,function,NO,NOT DRIFTED,0,0,404,0,0.0,1.0,YES
C1 (0b20d3a) -> C2 (f951195),src/auth.py::hash_password,src/auth.py,function,NO,NOT DRIFTED,0,0,404,0,0.0,1.0,YES
C1 (0b20d3a) -> C2 (f951195),src/auth.py::validate_jwt,src/auth.py,function,NO,NOT DRIFTED,0,0,404,0,0.0,1.0,YES
C1 (0b20d3a) -> C2 (f951195),src/auth.py::verify_password,src/auth.py,function,NO,NOT DRIFTED,0,0,404,0,0.0,1.0,YES
C1 (0b20d3a) -> C2 (f951195),src/cache.py::InvalidationManager,src/cache.py,class,NO,NOT DRIFTED,0,0,404,0,0.0,1.0,YES
C1 (0b20d3a) -> C2 (f951195),src/cache.py::InvalidationManager::__init__,src/cache.py,method,NO,NOT DRIFTED,0,0,404,0,0.0,1.0,YES
C1 (0b20d3a) -> C2 (f951195),src/cache.py::InvalidationManager::should_purge,src/cache.py,method,NO,NOT DRIFTED,0,0,404,0,0.0,1.0,YES
C1 (0b20d3a) -> C2 (f951195),src/cache.py::KeySerializer,src/cache.py,class,NO,NOT DRIFTED,0,0,404,0,0.0,1.0,YES
C1 (0b20d3a) -> C2 (f951195),src/cache.py::KeySerializer::__init__,src/cache.py,method,NO,NOT DRIFTED,0,0,404,0,0.0,1.0,YES
C1 (0b20d3a) -> C2 (f951195),src/cache.py::KeySerializer::format_prefix,src/cache.py,method,NO,NOT DRIFTED,0,0,404,0,0.0,1.0,YES
C1 (0b20d3a) -> C2 (f951195),src/cache.py::LRUCache,src/cache.py,class,NO,NOT DRIFTED,0,0,404,0,0.0,1.0,YES
C1 (0b20d3a) -> C2 (f951195),src/cache.py::LRUCache::__init__,src/cache.py,method,NO,NOT DRIFTED,0,0,404,0,0.0,1.0,YES
C1 (0b20d3a) -> C2 (f951195),src/cache.py::LRUCache::is_full,src/cache.py,method,NO,NOT DRIFTED,0,0,404,0,0.0,1.0,YES
C1 (0b20d3a) -> C2 (f951195),src/cache.py::RedisManager,src/cache.py,class,NO,NOT DRIFTED,0,0,404,0,0.0,1.0,YES
C1 (0b20d3a) -> C2 (f951195),src/cache.py::RedisManager::__init__,src/cache.py,method,NO,NOT DRIFTED,0,0,404,0,0.0,1.0,YES
C1 (0b20d3a) -> C2 (f951195),src/cache.py::RedisManager::ping,src/cache.py,method,NO,NOT DRIFTED,0,0,404,0,0.0,1.0,YES
C1 (0b20d3a) -> C2 (f951195),src/cache.py::cache_get,src/cache.py,function,NO,NOT DRIFTED,0,0,404,0,0.0,1.0,YES
C1 (0b20d3a) -> C2 (f951195),src/cache.py::cache_set,src/cache.py,function,NO,NOT DRIFTED,0,0,404,0,0.0,1.0,YES
C1 (0b20d3a) -> C2 (f951195),src/cache.py::flush_all,src/cache.py,function,NO,NOT DRIFTED,0,0,404,0,0.0,1.0,YES
C1 (0b20d3a) -> C2 (f951195),src/cache.py::purge_stale_keys,src/cache.py,function,NO,NOT DRIFTED,0,0,404,0,0.0,1.0,YES
C1 (0b20d3a) -> C2 (f951195),src/cache.py::redis_connect,src/cache.py,function,NO,NOT DRIFTED,0,0,404,0,0.0,1.0,YES
C1 (0b20d3a) -> C2 (f951195),src/cache.py::serialize_key,src/cache.py,function,NO,NOT DRIFTED,0,0,404,0,0.0,1.0,YES
C1 (0b20d3a) -> C2 (f951195),src/database.py::DatabaseClient,src/database.py,class,YES,DRIFTED,1,3,404,5,0.0013,1.0,YES
C1 (0b20d3a) -> C2 (f951195),src/database.py::DatabaseClient::__init__,src/database.py,method,YES,DRIFTED,1,1,404,0,-0.0015,1.0,YES
C1 (0b20d3a) -> C2 (f951195),src/database.py::DatabaseClient::is_active,src/database.py,method,YES,DRIFTED,1,13,404,1,-0.0006,1.0,YES
C1 (0b20d3a) -> C2 (f951195),src/database.py::MigrationRunner,src/database.py,class,YES,NOT DRIFTED,0,0,404,0,0.0,1.0,YES
C1 (0b20d3a) -> C2 (f951195),src/database.py::MigrationRunner::__init__,src/database.py,method,YES,NOT DRIFTED,0,0,404,0,0.0,1.0,YES
C1 (0b20d3a) -> C2 (f951195),src/database.py::MigrationRunner::get_version,src/database.py,method,YES,NOT DRIFTED,0,0,404,0,0.0,1.0,YES
C1 (0b20d3a) -> C2 (f951195),src/database.py::ORMModel,src/database.py,class,YES,NOT DRIFTED,0,0,404,0,0.0,1.0,YES
C1 (0b20d3a) -> C2 (f951195),src/database.py::ORMModel::__init__,src/database.py,method,YES,NOT DRIFTED,0,0,404,0,0.0,1.0,YES
C1 (0b20d3a) -> C2 (f951195),src/database.py::ORMModel::to_dict,src/database.py,method,YES,NOT DRIFTED,0,0,404,0,0.0,1.0,YES
C1 (0b20d3a) -> C2 (f951195),src/database.py::QueryBuilder,src/database.py,class,YES,DRIFTED,1,13,404,4,0.0036,1.0,YES
C1 (0b20d3a) -> C2 (f951195),src/database.py::QueryBuilder::__init__,src/database.py,method,YES,DRIFTED,1,24,404,4,0.0003,1.0,YES
C1 (0b20d3a) -> C2 (f951195),src/database.py::QueryBuilder::build_clause,src/database.py,method,YES,DRIFTED,1,16,404,1,-0.0009,1.0,YES
C1 (0b20d3a) -> C2 (f951195),src/database.py::apply_migrations,src/database.py,function,YES,NOT DRIFTED,0,0,404,0,0.0,1.0,YES
C1 (0b20d3a) -> C2 (f951195),src/database.py::build_insert_query,src/database.py,function,YES,NOT DRIFTED,0,0,404,0,0.0,1.0,YES
C1 (0b20d3a) -> C2 (f951195),src/database.py::build_select_query,src/database.py,function,YES,DRIFTED,1,4,404,0,0.0,1.0,YES
C1 (0b20d3a) -> C2 (f951195),src/database.py::connect_db,src/database.py,function,YES,NOT DRIFTED,0,0,404,3,0.0011,1.0,YES
C1 (0b20d3a) -> C2 (f951195),src/database.py::execute_query,src/database.py,function,YES,DRIFTED,1,81,404,5,0.0039,1.0,YES
C1 (0b20d3a) -> C2 (f951195),src/database.py::save_model,src/database.py,function,YES,DRIFTED,1,11,404,0,0.0,1.0,YES
C1 (0b20d3a) -> C2 (f951195),src/utils.py::CryptoHelper,src/utils.py,class,NO,NOT DRIFTED,0,0,404,0,0.0,1.0,YES
C1 (0b20d3a) -> C2 (f951195),src/utils.py::CryptoHelper::__init__,src/utils.py,method,NO,NOT DRIFTED,0,0,404,0,0.0,1.0,YES
C1 (0b20d3a) -> C2 (f951195),src/utils.py::CryptoHelper::get_key_length,src/utils.py,method,NO,NOT DRIFTED,0,0,404,0,0.0,1.0,YES
C1 (0b20d3a) -> C2 (f951195),src/utils.py::DateFormatter,src/utils.py,class,NO,NOT DRIFTED,0,0,404,0,0.0,1.0,YES
C1 (0b20d3a) -> C2 (f951195),src/utils.py::DateFormatter::__init__,src/utils.py,method,NO,NOT DRIFTED,0,0,404,0,0.0,1.0,YES
C1 (0b20d3a) -> C2 (f951195),src/utils.py::DateFormatter::get_tz,src/utils.py,method,NO,NOT DRIFTED,0,0,404,0,0.0,1.0,YES
C1 (0b20d3a) -> C2 (f951195),src/utils.py::LoggerWrapper,src/utils.py,class,NO,NOT DRIFTED,0,0,404,0,0.0,1.0,YES
C1 (0b20d3a) -> C2 (f951195),src/utils.py::LoggerWrapper::__init__,src/utils.py,method,NO,NOT DRIFTED,0,0,404,0,0.0,1.0,YES
C1 (0b20d3a) -> C2 (f951195),src/utils.py::LoggerWrapper::format_msg,src/utils.py,method,NO,NOT DRIFTED,0,0,404,0,0.0,1.0,YES
C1 (0b20d3a) -> C2 (f951195),src/utils.py::StringCleaner,src/utils.py,class,NO,NOT DRIFTED,0,0,404,0,0.0,1.0,YES
C1 (0b20d3a) -> C2 (f951195),src/utils.py::StringCleaner::__init__,src/utils.py,method,NO,NOT DRIFTED,0,0,404,0,0.0,1.0,YES
C1 (0b20d3a) -> C2 (f951195),src/utils.py::StringCleaner::clean,src/utils.py,method,NO,NOT DRIFTED,0,0,404,0,0.0,1.0,YES
C1 (0b20d3a) -> C2 (f951195),src/utils.py::decrypt_data,src/utils.py,function,NO,NOT DRIFTED,0,0,404,0,0.0,1.0,YES
C1 (0b20d3a) -> C2 (f951195),src/utils.py::encrypt_data,src/utils.py,function,NO,NOT DRIFTED,0,0,404,0,0.0,1.0,YES
C1 (0b20d3a) -> C2 (f951195),src/utils.py::format_iso_date,src/utils.py,function,NO,NOT DRIFTED,0,0,404,0,0.0,1.0,YES
C1 (0b20d3a) -> C2 (f951195),src/utils.py::log_error,src/utils.py,function,NO,NOT DRIFTED,0,0,404,0,0.0,1.0,YES
C1 (0b20d3a) -> C2 (f951195),src/utils.py::log_info,src/utils.py,function,NO,NOT DRIFTED,0,0,404,0,0.0,1.0,YES
C1 (0b20d3a) -> C2 (f951195),src/utils.py::sanitize_input,src/utils.py,function,NO,NOT DRIFTED,0,0,404,0,0.0,1.0,YES
C2 (f951195) -> C3 (43e17da),src/api.py::APIRouter,src/api.py,class,NO,NOT DRIFTED,0,0,404,0,0.0,1.0,YES
C2 (f951195) -> C3 (43e17da),src/api.py::APIRouter::__init__,src/api.py,method,NO,NOT DRIFTED,0,0,404,0,0.0,1.0,YES
C2 (f951195) -> C3 (43e17da),src/api.py::APIRouter::match_route,src/api.py,method,NO,NOT DRIFTED,0,0,404,0,0.0,1.0,YES
C2 (f951195) -> C3 (43e17da),src/api.py::MiddlewarePipeline,src/api.py,class,NO,NOT DRIFTED,0,0,404,0,0.0,1.0,YES
C2 (f951195) -> C3 (43e17da),src/api.py::MiddlewarePipeline::__init__,src/api.py,method,NO,NOT DRIFTED,0,0,404,0,0.0,1.0,YES
C2 (f951195) -> C3 (43e17da),src/api.py::MiddlewarePipeline::register,src/api.py,method,NO,NOT DRIFTED,0,0,404,0,0.0,1.0,YES
C2 (f951195) -> C3 (43e17da),src/api.py::RateLimiter,src/api.py,class,NO,NOT DRIFTED,0,0,404,0,0.0,1.0,YES
C2 (f951195) -> C3 (43e17da),src/api.py::RateLimiter::__init__,src/api.py,method,NO,NOT DRIFTED,0,0,404,0,0.0,1.0,YES
C2 (f951195) -> C3 (43e17da),src/api.py::RateLimiter::is_exceeded,src/api.py,method,NO,NOT DRIFTED,0,0,404,0,0.0,1.0,YES
C2 (f951195) -> C3 (43e17da),src/api.py::ResponseFormatter,src/api.py,class,NO,NOT DRIFTED,0,0,404,0,0.0,1.0,YES
C2 (f951195) -> C3 (43e17da),src/api.py::ResponseFormatter::__init__,src/api.py,method,NO,NOT DRIFTED,0,0,404,0,0.0,1.0,YES
C2 (f951195) -> C3 (43e17da),src/api.py::ResponseFormatter::build_envelope,src/api.py,method,NO,NOT DRIFTED,0,0,404,0,0.0,1.0,YES
C2 (f951195) -> C3 (43e17da),src/api.py::allow_request,src/api.py,function,NO,NOT DRIFTED,0,0,404,0,0.0,1.0,YES
C2 (f951195) -> C3 (43e17da),src/api.py::auth_middleware,src/api.py,function,NO,NOT DRIFTED,0,0,404,0,0.0,1.0,YES
C2 (f951195) -> C3 (43e17da),src/api.py::error_handler,src/api.py,function,NO,NOT DRIFTED,0,0,404,0,0.0,1.0,YES
C2 (f951195) -> C3 (43e17da),src/api.py::handle_request,src/api.py,function,NO,NOT DRIFTED,0,0,404,0,0.0,1.0,YES
C2 (f951195) -> C3 (43e17da),src/api.py::json_response,src/api.py,function,NO,NOT DRIFTED,0,0,404,0,0.0,1.0,YES
C2 (f951195) -> C3 (43e17da),src/api.py::logging_middleware,src/api.py,function,NO,NOT DRIFTED,0,0,404,0,0.0,1.0,YES
C2 (f951195) -> C3 (43e17da),src/auth.py::RBACController,src/auth.py,class,NO,NOT DRIFTED,0,0,404,0,0.0,1.0,YES
C2 (f951195) -> C3 (43e17da),src/auth.py::RBACController::__init__,src/auth.py,method,NO,NOT DRIFTED,0,0,404,0,0.0,1.0,YES
C2 (f951195) -> C3 (43e17da),src/auth.py::RBACController::is_authorized,src/auth.py,method,NO,NOT DRIFTED,0,0,404,0,0.0,1.0,YES
C2 (f951195) -> C3 (43e17da),src/auth.py::SessionManager,src/auth.py,class,NO,NOT DRIFTED,0,0,404,0,0.0,1.0,YES
C2 (f951195) -> C3 (43e17da),src/auth.py::SessionManager::__init__,src/auth.py,method,NO,NOT DRIFTED,0,0,404,0,0.0,1.0,YES
C2 (f951195) -> C3 (43e17da),src/auth.py::SessionManager::get_session,src/auth.py,method,NO,NOT DRIFTED,0,0,404,0,0.0,1.0,YES
C2 (f951195) -> C3 (43e17da),src/auth.py::TokenValidator,src/auth.py,class,NO,NOT DRIFTED,0,0,404,0,0.0,1.0,YES
C2 (f951195) -> C3 (43e17da),src/auth.py::TokenValidator::__init__,src/auth.py,method,NO,NOT DRIFTED,0,0,404,0,0.0,1.0,YES
C2 (f951195) -> C3 (43e17da),src/auth.py::TokenValidator::validate_structure,src/auth.py,method,NO,NOT DRIFTED,0,0,404,0,0.0,1.0,YES
C2 (f951195) -> C3 (43e17da),src/auth.py::check_permission,src/auth.py,function,NO,NOT DRIFTED,0,0,404,0,0.0,1.0,YES
C2 (f951195) -> C3 (43e17da),src/auth.py::create_session,src/auth.py,function,NO,NOT DRIFTED,0,0,404,0,0.0,1.0,YES
C2 (f951195) -> C3 (43e17da),src/auth.py::destroy_session,src/auth.py,function,NO,NOT DRIFTED,0,0,404,0,0.0,1.0,YES
C2 (f951195) -> C3 (43e17da),src/auth.py::generate_token,src/auth.py,function,NO,NOT DRIFTED,0,0,404,0,0.0,1.0,YES
C2 (f951195) -> C3 (43e17da),src/auth.py::hash_password,src/auth.py,function,NO,NOT DRIFTED,0,0,404,0,0.0,1.0,YES
C2 (f951195) -> C3 (43e17da),src/auth.py::validate_jwt,src/auth.py,function,NO,NOT DRIFTED,0,0,404,0,0.0,1.0,YES
C2 (f951195) -> C3 (43e17da),src/auth.py::verify_password,src/auth.py,function,NO,NOT DRIFTED,0,0,404,0,0.0,1.0,YES
C2 (f951195) -> C3 (43e17da),src/cache.py::InvalidationManager,src/cache.py,class,YES,DRIFTED,1,9,404,0,-0.0002,1.0,YES
C2 (f951195) -> C3 (43e17da),src/cache.py::InvalidationManager::__init__,src/cache.py,method,YES,DRIFTED,1,3,404,4,0.0,1.0,YES
C2 (f951195) -> C3 (43e17da),src/cache.py::InvalidationManager::should_purge,src/cache.py,method,YES,DRIFTED,1,18,404,2,0.0018,1.0,YES
C2 (f951195) -> C3 (43e17da),src/cache.py::KeySerializer,src/cache.py,class,YES,DRIFTED,1,28,404,1,0.0005,1.0,YES
C2 (f951195) -> C3 (43e17da),src/cache.py::KeySerializer::__init__,src/cache.py,method,YES,DRIFTED,1,11,404,8,-0.0008,1.0,YES
C2 (f951195) -> C3 (43e17da),src/cache.py::KeySerializer::format_prefix,src/cache.py,method,YES,DRIFTED,1,10,404,1,0.0009,1.0,YES
C2 (f951195) -> C3 (43e17da),src/cache.py::LRUCache,src/cache.py,class,YES,DRIFTED,1,11,404,1,0.0009,1.0,YES
C2 (f951195) -> C3 (43e17da),src/cache.py::LRUCache::__init__,src/cache.py,method,YES,DRIFTED,1,10,404,0,0.0,1.0,YES
C2 (f951195) -> C3 (43e17da),src/cache.py::LRUCache::is_full,src/cache.py,method,YES,NOT DRIFTED,0,0,404,0,0.0,1.0,YES
C2 (f951195) -> C3 (43e17da),src/cache.py::RedisManager,src/cache.py,class,YES,DRIFTED,1,2,404,6,0.0018,1.0,YES
C2 (f951195) -> C3 (43e17da),src/cache.py::RedisManager::__init__,src/cache.py,method,YES,DRIFTED,1,9,404,2,0.0008,1.0,YES
C2 (f951195) -> C3 (43e17da),src/cache.py::RedisManager::ping,src/cache.py,method,YES,NOT DRIFTED,0,0,404,2,0.0007,1.0,YES
C2 (f951195) -> C3 (43e17da),src/cache.py::cache_get,src/cache.py,function,YES,DRIFTED,1,21,404,3,0.0018,1.0,YES
C2 (f951195) -> C3 (43e17da),src/cache.py::cache_set,src/cache.py,function,YES,DRIFTED,1,36,404,2,-0.0006,1.0,YES
C2 (f951195) -> C3 (43e17da),src/cache.py::flush_all,src/cache.py,function,YES,DRIFTED,1,5,404,0,-0.0005,1.0,YES
C2 (f951195) -> C3 (43e17da),src/cache.py::purge_stale_keys,src/cache.py,function,YES,DRIFTED,1,3,404,3,-0.0014,1.0,YES
C2 (f951195) -> C3 (43e17da),src/cache.py::redis_connect,src/cache.py,function,YES,DRIFTED,1,1,404,0,-0.0018,1.0,YES
C2 (f951195) -> C3 (43e17da),src/cache.py::serialize_key,src/cache.py,function,YES,DRIFTED,1,9,404,3,0.0025,1.0,YES
C2 (f951195) -> C3 (43e17da),src/database.py::DatabaseClient,src/database.py,class,NO,NOT DRIFTED,0,0,404,0,0.0,1.0,YES
C2 (f951195) -> C3 (43e17da),src/database.py::DatabaseClient::__init__,src/database.py,method,NO,NOT DRIFTED,0,0,404,0,0.0,1.0,YES
C2 (f951195) -> C3 (43e17da),src/database.py::DatabaseClient::is_active,src/database.py,method,NO,NOT DRIFTED,0,0,404,0,0.0,1.0,YES
C2 (f951195) -> C3 (43e17da),src/database.py::MigrationRunner,src/database.py,class,NO,NOT DRIFTED,0,0,404,0,0.0,1.0,YES
C2 (f951195) -> C3 (43e17da),src/database.py::MigrationRunner::__init__,src/database.py,method,NO,NOT DRIFTED,0,0,404,0,0.0,1.0,YES
C2 (f951195) -> C3 (43e17da),src/database.py::MigrationRunner::get_version,src/database.py,method,NO,NOT DRIFTED,0,0,404,0,0.0,1.0,YES
C2 (f951195) -> C3 (43e17da),src/database.py::ORMModel,src/database.py,class,NO,NOT DRIFTED,0,0,404,0,0.0,1.0,YES
C2 (f951195) -> C3 (43e17da),src/database.py::ORMModel::__init__,src/database.py,method,NO,NOT DRIFTED,0,0,404,0,0.0,1.0,YES
C2 (f951195) -> C3 (43e17da),src/database.py::ORMModel::to_dict,src/database.py,method,NO,NOT DRIFTED,0,0,404,0,0.0,1.0,YES
C2 (f951195) -> C3 (43e17da),src/database.py::QueryBuilder,src/database.py,class,NO,NOT DRIFTED,0,0,404,0,0.0,1.0,YES
C2 (f951195) -> C3 (43e17da),src/database.py::QueryBuilder::__init__,src/database.py,method,NO,NOT DRIFTED,0,0,404,0,0.0,1.0,YES
C2 (f951195) -> C3 (43e17da),src/database.py::QueryBuilder::build_clause,src/database.py,method,NO,NOT DRIFTED,0,0,404,0,0.0,1.0,YES
C2 (f951195) -> C3 (43e17da),src/database.py::apply_migrations,src/database.py,function,NO,NOT DRIFTED,0,0,404,0,0.0,1.0,YES
C2 (f951195) -> C3 (43e17da),src/database.py::build_insert_query,src/database.py,function,NO,NOT DRIFTED,0,0,404,0,0.0,1.0,YES
C2 (f951195) -> C3 (43e17da),src/database.py::build_select_query,src/database.py,function,NO,NOT DRIFTED,0,0,404,0,0.0,1.0,YES
C2 (f951195) -> C3 (43e17da),src/database.py::connect_db,src/database.py,function,NO,NOT DRIFTED,0,0,404,0,0.0,1.0,YES
C2 (f951195) -> C3 (43e17da),src/database.py::execute_query,src/database.py,function,NO,NOT DRIFTED,0,0,404,0,0.0,1.0,YES
C2 (f951195) -> C3 (43e17da),src/database.py::save_model,src/database.py,function,NO,NOT DRIFTED,0,0,404,0,0.0,1.0,YES
C2 (f951195) -> C3 (43e17da),src/utils.py::CryptoHelper,src/utils.py,class,NO,NOT DRIFTED,0,0,404,0,0.0,1.0,YES
C2 (f951195) -> C3 (43e17da),src/utils.py::CryptoHelper::__init__,src/utils.py,method,NO,NOT DRIFTED,0,0,404,0,0.0,1.0,YES
C2 (f951195) -> C3 (43e17da),src/utils.py::CryptoHelper::get_key_length,src/utils.py,method,NO,NOT DRIFTED,0,0,404,0,0.0,1.0,YES
C2 (f951195) -> C3 (43e17da),src/utils.py::DateFormatter,src/utils.py,class,NO,NOT DRIFTED,0,0,404,0,0.0,1.0,YES
C2 (f951195) -> C3 (43e17da),src/utils.py::DateFormatter::__init__,src/utils.py,method,NO,NOT DRIFTED,0,0,404,0,0.0,1.0,YES
C2 (f951195) -> C3 (43e17da),src/utils.py::DateFormatter::get_tz,src/utils.py,method,NO,NOT DRIFTED,0,0,404,0,0.0,1.0,YES
C2 (f951195) -> C3 (43e17da),src/utils.py::LoggerWrapper,src/utils.py,class,NO,NOT DRIFTED,0,0,404,0,0.0,1.0,YES
C2 (f951195) -> C3 (43e17da),src/utils.py::LoggerWrapper::__init__,src/utils.py,method,NO,NOT DRIFTED,0,0,404,0,0.0,1.0,YES
C2 (f951195) -> C3 (43e17da),src/utils.py::LoggerWrapper::format_msg,src/utils.py,method,NO,NOT DRIFTED,0,0,404,0,0.0,1.0,YES
C2 (f951195) -> C3 (43e17da),src/utils.py::StringCleaner,src/utils.py,class,NO,NOT DRIFTED,0,0,404,0,0.0,1.0,YES
C2 (f951195) -> C3 (43e17da),src/utils.py::StringCleaner::__init__,src/utils.py,method,NO,NOT DRIFTED,0,0,404,0,0.0,1.0,YES
C2 (f951195) -> C3 (43e17da),src/utils.py::StringCleaner::clean,src/utils.py,method,NO,NOT DRIFTED,0,0,404,0,0.0,1.0,YES
C2 (f951195) -> C3 (43e17da),src/utils.py::decrypt_data,src/utils.py,function,NO,NOT DRIFTED,0,0,404,0,0.0,1.0,YES
C2 (f951195) -> C3 (43e17da),src/utils.py::encrypt_data,src/utils.py,function,NO,NOT DRIFTED,0,0,404,0,0.0,1.0,YES
C2 (f951195) -> C3 (43e17da),src/utils.py::format_iso_date,src/utils.py,function,NO,NOT DRIFTED,0,0,404,0,0.0,1.0,YES
C2 (f951195) -> C3 (43e17da),src/utils.py::log_error,src/utils.py,function,NO,NOT DRIFTED,0,0,404,0,0.0,1.0,YES
C2 (f951195) -> C3 (43e17da),src/utils.py::log_info,src/utils.py,function,NO,NOT DRIFTED,0,0,404,0,0.0,1.0,YES
C2 (f951195) -> C3 (43e17da),src/utils.py::sanitize_input,src/utils.py,function,NO,NOT DRIFTED,0,0,404,0,0.0,1.0,YES
C3 (43e17da) -> C4 (3937bbf),src/api.py::APIRouter,src/api.py,class,YES,DRIFTED,1,6,406,2,0.0021,1.0,YES
C3 (43e17da) -> C4 (3937bbf),src/api.py::APIRouter::__init__,src/api.py,method,YES,DRIFTED,1,7,406,5,0.0008,1.0,YES
C3 (43e17da) -> C4 (3937bbf),src/api.py::APIRouter::match_route,src/api.py,method,YES,DRIFTED,1,2,406,0,0.0,1.0,YES
C3 (43e17da) -> C4 (3937bbf),src/api.py::MiddlewarePipeline,src/api.py,class,YES,DRIFTED,1,13,406,0,0.0,1.0,YES
C3 (43e17da) -> C4 (3937bbf),src/api.py::MiddlewarePipeline::__init__,src/api.py,method,YES,NOT DRIFTED,0,0,406,0,0.0,1.0,YES
C3 (43e17da) -> C4 (3937bbf),src/api.py::MiddlewarePipeline::register,src/api.py,method,YES,NOT DRIFTED,0,0,406,0,0.0,1.0,YES
C3 (43e17da) -> C4 (3937bbf),src/api.py::RateLimiter,src/api.py,class,YES,NOT DRIFTED,0,0,406,1,0.0009,1.0,YES
C3 (43e17da) -> C4 (3937bbf),src/api.py::RateLimiter::__init__,src/api.py,method,YES,DRIFTED,1,7,406,4,-0.0017,1.0,YES
C3 (43e17da) -> C4 (3937bbf),src/api.py::RateLimiter::is_exceeded,src/api.py,method,YES,NOT DRIFTED,0,0,406,0,0.0,1.0,YES
C3 (43e17da) -> C4 (3937bbf),src/api.py::ResponseFormatter,src/api.py,class,YES,DRIFTED,1,18,406,4,-0.002,1.0,YES
C3 (43e17da) -> C4 (3937bbf),src/api.py::ResponseFormatter::__init__,src/api.py,method,YES,DRIFTED,1,11,406,2,0.0008,1.0,YES
C3 (43e17da) -> C4 (3937bbf),src/api.py::ResponseFormatter::build_envelope,src/api.py,method,YES,DRIFTED,1,30,406,4,0.0019,1.0,YES
C3 (43e17da) -> C4 (3937bbf),src/api.py::allow_request,src/api.py,function,YES,DRIFTED,1,1,406,2,-0.0004,1.0,YES
C3 (43e17da) -> C4 (3937bbf),src/api.py::auth_middleware,src/api.py,function,YES,NOT DRIFTED,0,0,406,0,0.0,1.0,YES
C3 (43e17da) -> C4 (3937bbf),src/api.py::error_handler,src/api.py,function,YES,NOT DRIFTED,0,0,406,0,0.0,1.0,YES
C3 (43e17da) -> C4 (3937bbf),src/api.py::handle_request,src/api.py,function,YES,DRIFTED,1,18,406,2,-0.0025,1.0,YES
C3 (43e17da) -> C4 (3937bbf),src/api.py::json_response,src/api.py,function,YES,DRIFTED,1,3,406,0,0.0,1.0,YES
C3 (43e17da) -> C4 (3937bbf),src/api.py::logging_middleware,src/api.py,function,YES,DRIFTED,1,5,406,0,-0.0007,1.0,YES
C3 (43e17da) -> C4 (3937bbf),src/auth.py::RBACController,src/auth.py,class,NO,NOT DRIFTED,0,0,406,0,0.0,1.0,YES
C3 (43e17da) -> C4 (3937bbf),src/auth.py::RBACController::__init__,src/auth.py,method,NO,NOT DRIFTED,0,0,406,0,0.0,1.0,YES
C3 (43e17da) -> C4 (3937bbf),src/auth.py::RBACController::is_authorized,src/auth.py,method,NO,NOT DRIFTED,0,0,406,0,0.0,1.0,YES
C3 (43e17da) -> C4 (3937bbf),src/auth.py::SessionManager,src/auth.py,class,NO,NOT DRIFTED,0,0,406,0,0.0,1.0,YES
C3 (43e17da) -> C4 (3937bbf),src/auth.py::SessionManager::__init__,src/auth.py,method,NO,NOT DRIFTED,0,0,406,0,0.0,1.0,YES
C3 (43e17da) -> C4 (3937bbf),src/auth.py::SessionManager::get_session,src/auth.py,method,NO,NOT DRIFTED,0,0,406,0,0.0,1.0,YES
C3 (43e17da) -> C4 (3937bbf),src/auth.py::TokenValidator,src/auth.py,class,NO,NOT DRIFTED,0,0,406,0,0.0,1.0,YES
C3 (43e17da) -> C4 (3937bbf),src/auth.py::TokenValidator::__init__,src/auth.py,method,NO,NOT DRIFTED,0,0,406,0,0.0,1.0,YES
C3 (43e17da) -> C4 (3937bbf),src/auth.py::TokenValidator::validate_structure,src/auth.py,method,NO,NOT DRIFTED,0,0,406,0,0.0,1.0,YES
C3 (43e17da) -> C4 (3937bbf),src/auth.py::check_permission,src/auth.py,function,NO,NOT DRIFTED,0,0,406,0,0.0,1.0,YES
C3 (43e17da) -> C4 (3937bbf),src/auth.py::create_session,src/auth.py,function,NO,NOT DRIFTED,0,0,406,0,0.0,1.0,YES
C3 (43e17da) -> C4 (3937bbf),src/auth.py::destroy_session,src/auth.py,function,NO,NOT DRIFTED,0,0,406,0,0.0,1.0,YES
C3 (43e17da) -> C4 (3937bbf),src/auth.py::generate_token,src/auth.py,function,NO,NOT DRIFTED,0,0,406,0,0.0,1.0,YES
C3 (43e17da) -> C4 (3937bbf),src/auth.py::hash_password,src/auth.py,function,NO,NOT DRIFTED,0,0,406,0,0.0,1.0,YES
C3 (43e17da) -> C4 (3937bbf),src/auth.py::validate_jwt,src/auth.py,function,NO,NOT DRIFTED,0,0,406,0,0.0,1.0,YES
C3 (43e17da) -> C4 (3937bbf),src/auth.py::verify_password,src/auth.py,function,NO,NOT DRIFTED,0,0,406,0,0.0,1.0,YES
C3 (43e17da) -> C4 (3937bbf),src/cache.py::InvalidationManager,src/cache.py,class,NO,NOT DRIFTED,0,0,406,0,0.0,1.0,YES
C3 (43e17da) -> C4 (3937bbf),src/cache.py::InvalidationManager::__init__,src/cache.py,method,NO,NOT DRIFTED,0,0,406,0,0.0,1.0,YES
C3 (43e17da) -> C4 (3937bbf),src/cache.py::InvalidationManager::should_purge,src/cache.py,method,NO,NOT DRIFTED,0,0,406,0,0.0,1.0,YES
C3 (43e17da) -> C4 (3937bbf),src/cache.py::KeySerializer,src/cache.py,class,NO,NOT DRIFTED,0,0,406,0,0.0,1.0,YES
C3 (43e17da) -> C4 (3937bbf),src/cache.py::KeySerializer::__init__,src/cache.py,method,NO,NOT DRIFTED,0,0,406,0,0.0,1.0,YES
C3 (43e17da) -> C4 (3937bbf),src/cache.py::KeySerializer::format_prefix,src/cache.py,method,NO,NOT DRIFTED,0,0,406,0,0.0,1.0,YES
C3 (43e17da) -> C4 (3937bbf),src/cache.py::LRUCache,src/cache.py,class,NO,NOT DRIFTED,0,0,406,0,0.0,1.0,YES
C3 (43e17da) -> C4 (3937bbf),src/cache.py::LRUCache::__init__,src/cache.py,method,NO,NOT DRIFTED,0,0,406,0,0.0,1.0,YES
C3 (43e17da) -> C4 (3937bbf),src/cache.py::LRUCache::is_full,src/cache.py,method,NO,NOT DRIFTED,0,0,406,0,0.0,1.0,YES
C3 (43e17da) -> C4 (3937bbf),src/cache.py::LRUCache::record_hit,src/cache.py,method,NO,NOT DRIFTED,0,0,406,0,0.0,1.0,YES
C3 (43e17da) -> C4 (3937bbf),src/cache.py::RedisManager,src/cache.py,class,NO,NOT DRIFTED,0,0,406,0,0.0,1.0,YES
C3 (43e17da) -> C4 (3937bbf),src/cache.py::RedisManager::__init__,src/cache.py,method,NO,NOT DRIFTED,0,0,406,0,0.0,1.0,YES
C3 (43e17da) -> C4 (3937bbf),src/cache.py::RedisManager::ping,src/cache.py,method,NO,NOT DRIFTED,0,0,406,0,0.0,1.0,YES
C3 (43e17da) -> C4 (3937bbf),src/cache.py::cache_get,src/cache.py,function,NO,NOT DRIFTED,0,0,406,0,0.0,1.0,YES
C3 (43e17da) -> C4 (3937bbf),src/cache.py::cache_set,src/cache.py,function,NO,NOT DRIFTED,0,0,406,0,0.0,1.0,YES
C3 (43e17da) -> C4 (3937bbf),src/cache.py::flush_all,src/cache.py,function,NO,NOT DRIFTED,0,0,406,0,0.0,1.0,YES
C3 (43e17da) -> C4 (3937bbf),src/cache.py::purge_stale_keys,src/cache.py,function,NO,NOT DRIFTED,0,0,406,0,0.0,1.0,YES
C3 (43e17da) -> C4 (3937bbf),src/cache.py::redis_connect,src/cache.py,function,NO,NOT DRIFTED,0,0,406,0,0.0,1.0,YES
C3 (43e17da) -> C4 (3937bbf),src/cache.py::serialize_key,src/cache.py,function,NO,NOT DRIFTED,0,0,406,0,0.0,1.0,YES
C3 (43e17da) -> C4 (3937bbf),src/database.py::DatabaseClient,src/database.py,class,NO,NOT DRIFTED,0,0,406,0,0.0,1.0,YES
C3 (43e17da) -> C4 (3937bbf),src/database.py::DatabaseClient::__init__,src/database.py,method,NO,NOT DRIFTED,0,0,406,0,0.0,1.0,YES
C3 (43e17da) -> C4 (3937bbf),src/database.py::DatabaseClient::is_active,src/database.py,method,NO,NOT DRIFTED,0,0,406,0,0.0,1.0,YES
C3 (43e17da) -> C4 (3937bbf),src/database.py::MigrationRunner,src/database.py,class,NO,NOT DRIFTED,0,0,406,0,0.0,1.0,YES
C3 (43e17da) -> C4 (3937bbf),src/database.py::MigrationRunner::__init__,src/database.py,method,NO,NOT DRIFTED,0,0,406,0,0.0,1.0,YES
C3 (43e17da) -> C4 (3937bbf),src/database.py::MigrationRunner::get_version,src/database.py,method,NO,NOT DRIFTED,0,0,406,0,0.0,1.0,YES
C3 (43e17da) -> C4 (3937bbf),src/database.py::ORMModel,src/database.py,class,NO,NOT DRIFTED,0,0,406,0,0.0,1.0,YES
C3 (43e17da) -> C4 (3937bbf),src/database.py::ORMModel::__init__,src/database.py,method,NO,NOT DRIFTED,0,0,406,0,0.0,1.0,YES
C3 (43e17da) -> C4 (3937bbf),src/database.py::ORMModel::to_dict,src/database.py,method,NO,NOT DRIFTED,0,0,406,0,0.0,1.0,YES
C3 (43e17da) -> C4 (3937bbf),src/database.py::QueryBuilder,src/database.py,class,NO,NOT DRIFTED,0,0,406,0,0.0,1.0,YES
C3 (43e17da) -> C4 (3937bbf),src/database.py::QueryBuilder::__init__,src/database.py,method,NO,NOT DRIFTED,0,0,406,0,0.0,1.0,YES
C3 (43e17da) -> C4 (3937bbf),src/database.py::QueryBuilder::build_clause,src/database.py,method,NO,NOT DRIFTED,0,0,406,0,0.0,1.0,YES
C3 (43e17da) -> C4 (3937bbf),src/database.py::apply_migrations,src/database.py,function,NO,NOT DRIFTED,0,0,406,0,0.0,1.0,YES
C3 (43e17da) -> C4 (3937bbf),src/database.py::build_insert_query,src/database.py,function,NO,NOT DRIFTED,0,0,406,0,0.0,1.0,YES
C3 (43e17da) -> C4 (3937bbf),src/database.py::build_select_query,src/database.py,function,NO,NOT DRIFTED,0,0,406,0,0.0,1.0,YES
C3 (43e17da) -> C4 (3937bbf),src/database.py::connect_db,src/database.py,function,NO,NOT DRIFTED,0,0,406,0,0.0,1.0,YES
C3 (43e17da) -> C4 (3937bbf),src/database.py::execute_query,src/database.py,function,NO,NOT DRIFTED,0,0,406,0,0.0,1.0,YES
C3 (43e17da) -> C4 (3937bbf),src/database.py::save_model,src/database.py,function,NO,NOT DRIFTED,0,0,406,0,0.0,1.0,YES
C3 (43e17da) -> C4 (3937bbf),src/utils.py::CryptoHelper,src/utils.py,class,NO,NOT DRIFTED,0,0,406,0,0.0,1.0,YES
C3 (43e17da) -> C4 (3937bbf),src/utils.py::CryptoHelper::__init__,src/utils.py,method,NO,NOT DRIFTED,0,0,406,0,0.0,1.0,YES
C3 (43e17da) -> C4 (3937bbf),src/utils.py::CryptoHelper::get_key_length,src/utils.py,method,NO,NOT DRIFTED,0,0,406,0,0.0,1.0,YES
C3 (43e17da) -> C4 (3937bbf),src/utils.py::DateFormatter,src/utils.py,class,NO,NOT DRIFTED,0,0,406,0,0.0,1.0,YES
C3 (43e17da) -> C4 (3937bbf),src/utils.py::DateFormatter::__init__,src/utils.py,method,NO,NOT DRIFTED,0,0,406,0,0.0,1.0,YES
C3 (43e17da) -> C4 (3937bbf),src/utils.py::DateFormatter::get_tz,src/utils.py,method,NO,NOT DRIFTED,0,0,406,0,0.0,1.0,YES
C3 (43e17da) -> C4 (3937bbf),src/utils.py::LoggerWrapper,src/utils.py,class,NO,NOT DRIFTED,0,0,406,0,0.0,1.0,YES
C3 (43e17da) -> C4 (3937bbf),src/utils.py::LoggerWrapper::__init__,src/utils.py,method,NO,NOT DRIFTED,0,0,406,0,0.0,1.0,YES
C3 (43e17da) -> C4 (3937bbf),src/utils.py::LoggerWrapper::format_msg,src/utils.py,method,NO,NOT DRIFTED,0,0,406,0,0.0,1.0,YES
C3 (43e17da) -> C4 (3937bbf),src/utils.py::StringCleaner,src/utils.py,class,NO,NOT DRIFTED,0,0,406,0,0.0,1.0,YES
C3 (43e17da) -> C4 (3937bbf),src/utils.py::StringCleaner::__init__,src/utils.py,method,NO,NOT DRIFTED,0,0,406,0,0.0,1.0,YES
C3 (43e17da) -> C4 (3937bbf),src/utils.py::StringCleaner::clean,src/utils.py,method,NO,NOT DRIFTED,0,0,406,0,0.0,1.0,YES
C3 (43e17da) -> C4 (3937bbf),src/utils.py::decrypt_data,src/utils.py,function,NO,NOT DRIFTED,0,0,406,0,0.0,1.0,YES
C3 (43e17da) -> C4 (3937bbf),src/utils.py::encrypt_data,src/utils.py,function,NO,NOT DRIFTED,0,0,406,0,0.0,1.0,YES
C3 (43e17da) -> C4 (3937bbf),src/utils.py::format_iso_date,src/utils.py,function,NO,NOT DRIFTED,0,0,406,0,0.0,1.0,YES
C3 (43e17da) -> C4 (3937bbf),src/utils.py::log_error,src/utils.py,function,NO,NOT DRIFTED,0,0,406,0,0.0,1.0,YES
C3 (43e17da) -> C4 (3937bbf),src/utils.py::log_info,src/utils.py,function,NO,NOT DRIFTED,0,0,406,0,0.0,1.0,YES
C3 (43e17da) -> C4 (3937bbf),src/utils.py::sanitize_input,src/utils.py,function,NO,NOT DRIFTED,0,0,406,0,0.0,1.0,YES
C4 (3937bbf) -> C5 (1ee704e),src/api.py::APIRouter,src/api.py,class,NO,NOT DRIFTED,0,0,408,0,0.0,1.0,YES
C4 (3937bbf) -> C5 (1ee704e),src/api.py::APIRouter::__init__,src/api.py,method,NO,NOT DRIFTED,0,0,408,0,0.0,1.0,YES
C4 (3937bbf) -> C5 (1ee704e),src/api.py::APIRouter::match_route,src/api.py,method,NO,NOT DRIFTED,0,0,408,0,0.0,1.0,YES
C4 (3937bbf) -> C5 (1ee704e),src/api.py::MiddlewarePipeline,src/api.py,class,NO,NOT DRIFTED,0,0,408,0,0.0,1.0,YES
C4 (3937bbf) -> C5 (1ee704e),src/api.py::MiddlewarePipeline::__init__,src/api.py,method,NO,NOT DRIFTED,0,0,408,0,0.0,1.0,YES
C4 (3937bbf) -> C5 (1ee704e),src/api.py::MiddlewarePipeline::execute_all,src/api.py,method,NO,NOT DRIFTED,0,0,408,0,0.0,1.0,YES
C4 (3937bbf) -> C5 (1ee704e),src/api.py::MiddlewarePipeline::register,src/api.py,method,NO,NOT DRIFTED,0,0,408,0,0.0,1.0,YES
C4 (3937bbf) -> C5 (1ee704e),src/api.py::RateLimiter,src/api.py,class,NO,NOT DRIFTED,0,0,408,0,0.0,1.0,YES
C4 (3937bbf) -> C5 (1ee704e),src/api.py::RateLimiter::__init__,src/api.py,method,NO,NOT DRIFTED,0,0,408,0,0.0,1.0,YES
C4 (3937bbf) -> C5 (1ee704e),src/api.py::RateLimiter::is_exceeded,src/api.py,method,NO,NOT DRIFTED,0,0,408,0,0.0,1.0,YES
C4 (3937bbf) -> C5 (1ee704e),src/api.py::ResponseFormatter,src/api.py,class,NO,NOT DRIFTED,0,0,408,0,0.0,1.0,YES
C4 (3937bbf) -> C5 (1ee704e),src/api.py::ResponseFormatter::__init__,src/api.py,method,NO,NOT DRIFTED,0,0,408,0,0.0,1.0,YES
C4 (3937bbf) -> C5 (1ee704e),src/api.py::ResponseFormatter::build_envelope,src/api.py,method,NO,NOT DRIFTED,0,0,408,0,0.0,1.0,YES
C4 (3937bbf) -> C5 (1ee704e),src/api.py::allow_request,src/api.py,function,NO,NOT DRIFTED,0,0,408,0,0.0,1.0,YES
C4 (3937bbf) -> C5 (1ee704e),src/api.py::auth_middleware,src/api.py,function,NO,NOT DRIFTED,0,0,408,0,0.0,1.0,YES
C4 (3937bbf) -> C5 (1ee704e),src/api.py::error_handler,src/api.py,function,NO,NOT DRIFTED,0,0,408,0,0.0,1.0,YES
C4 (3937bbf) -> C5 (1ee704e),src/api.py::handle_request,src/api.py,function,NO,NOT DRIFTED,0,0,408,0,0.0,1.0,YES
C4 (3937bbf) -> C5 (1ee704e),src/api.py::json_response,src/api.py,function,NO,NOT DRIFTED,0,0,408,0,0.0,1.0,YES
C4 (3937bbf) -> C5 (1ee704e),src/api.py::logging_middleware,src/api.py,function,NO,NOT DRIFTED,0,0,408,0,0.0,1.0,YES
C4 (3937bbf) -> C5 (1ee704e),src/auth.py::RBACController,src/auth.py,class,NO,NOT DRIFTED,0,0,408,0,0.0,1.0,YES
C4 (3937bbf) -> C5 (1ee704e),src/auth.py::RBACController::__init__,src/auth.py,method,NO,NOT DRIFTED,0,0,408,0,0.0,1.0,YES
C4 (3937bbf) -> C5 (1ee704e),src/auth.py::RBACController::is_authorized,src/auth.py,method,NO,NOT DRIFTED,0,0,408,0,0.0,1.0,YES
C4 (3937bbf) -> C5 (1ee704e),src/auth.py::SessionManager,src/auth.py,class,NO,NOT DRIFTED,0,0,408,0,0.0,1.0,YES
C4 (3937bbf) -> C5 (1ee704e),src/auth.py::SessionManager::__init__,src/auth.py,method,NO,NOT DRIFTED,0,0,408,0,0.0,1.0,YES
C4 (3937bbf) -> C5 (1ee704e),src/auth.py::SessionManager::get_session,src/auth.py,method,NO,NOT DRIFTED,0,0,408,0,0.0,1.0,YES
C4 (3937bbf) -> C5 (1ee704e),src/auth.py::TokenValidator,src/auth.py,class,NO,NOT DRIFTED,0,0,408,0,0.0,1.0,YES
C4 (3937bbf) -> C5 (1ee704e),src/auth.py::TokenValidator::__init__,src/auth.py,method,NO,NOT DRIFTED,0,0,408,0,0.0,1.0,YES
C4 (3937bbf) -> C5 (1ee704e),src/auth.py::TokenValidator::validate_structure,src/auth.py,method,NO,NOT DRIFTED,0,0,408,0,0.0,1.0,YES
C4 (3937bbf) -> C5 (1ee704e),src/auth.py::check_permission,src/auth.py,function,NO,NOT DRIFTED,0,0,408,0,0.0,1.0,YES
C4 (3937bbf) -> C5 (1ee704e),src/auth.py::create_session,src/auth.py,function,NO,NOT DRIFTED,0,0,408,0,0.0,1.0,YES
C4 (3937bbf) -> C5 (1ee704e),src/auth.py::destroy_session,src/auth.py,function,NO,NOT DRIFTED,0,0,408,0,0.0,1.0,YES
C4 (3937bbf) -> C5 (1ee704e),src/auth.py::generate_token,src/auth.py,function,NO,NOT DRIFTED,0,0,408,0,0.0,1.0,YES
C4 (3937bbf) -> C5 (1ee704e),src/auth.py::hash_password,src/auth.py,function,NO,NOT DRIFTED,0,0,408,0,0.0,1.0,YES
C4 (3937bbf) -> C5 (1ee704e),src/auth.py::validate_jwt,src/auth.py,function,NO,NOT DRIFTED,0,0,408,0,0.0,1.0,YES
C4 (3937bbf) -> C5 (1ee704e),src/auth.py::verify_password,src/auth.py,function,NO,NOT DRIFTED,0,0,408,0,0.0,1.0,YES
C4 (3937bbf) -> C5 (1ee704e),src/cache.py::InvalidationManager,src/cache.py,class,NO,NOT DRIFTED,0,0,408,0,0.0,1.0,YES
C4 (3937bbf) -> C5 (1ee704e),src/cache.py::InvalidationManager::__init__,src/cache.py,method,NO,NOT DRIFTED,0,0,408,0,0.0,1.0,YES
C4 (3937bbf) -> C5 (1ee704e),src/cache.py::InvalidationManager::should_purge,src/cache.py,method,NO,NOT DRIFTED,0,0,408,0,0.0,1.0,YES
C4 (3937bbf) -> C5 (1ee704e),src/cache.py::KeySerializer,src/cache.py,class,NO,NOT DRIFTED,0,0,408,0,0.0,1.0,YES
C4 (3937bbf) -> C5 (1ee704e),src/cache.py::KeySerializer::__init__,src/cache.py,method,NO,NOT DRIFTED,0,0,408,0,0.0,1.0,YES
C4 (3937bbf) -> C5 (1ee704e),src/cache.py::KeySerializer::format_prefix,src/cache.py,method,NO,NOT DRIFTED,0,0,408,0,0.0,1.0,YES
C4 (3937bbf) -> C5 (1ee704e),src/cache.py::LRUCache,src/cache.py,class,NO,NOT DRIFTED,0,0,408,0,0.0,1.0,YES
C4 (3937bbf) -> C5 (1ee704e),src/cache.py::LRUCache::__init__,src/cache.py,method,NO,NOT DRIFTED,0,0,408,0,0.0,1.0,YES
C4 (3937bbf) -> C5 (1ee704e),src/cache.py::LRUCache::is_full,src/cache.py,method,NO,NOT DRIFTED,0,0,408,0,0.0,1.0,YES
C4 (3937bbf) -> C5 (1ee704e),src/cache.py::LRUCache::record_hit,src/cache.py,method,NO,NOT DRIFTED,0,0,408,0,0.0,1.0,YES
C4 (3937bbf) -> C5 (1ee704e),src/cache.py::RedisManager,src/cache.py,class,NO,NOT DRIFTED,0,0,408,0,0.0,1.0,YES
C4 (3937bbf) -> C5 (1ee704e),src/cache.py::RedisManager::__init__,src/cache.py,method,NO,NOT DRIFTED,0,0,408,0,0.0,1.0,YES
C4 (3937bbf) -> C5 (1ee704e),src/cache.py::RedisManager::ping,src/cache.py,method,NO,NOT DRIFTED,0,0,408,0,0.0,1.0,YES
C4 (3937bbf) -> C5 (1ee704e),src/cache.py::cache_get,src/cache.py,function,NO,NOT DRIFTED,0,0,408,0,0.0,1.0,YES
C4 (3937bbf) -> C5 (1ee704e),src/cache.py::cache_set,src/cache.py,function,NO,NOT DRIFTED,0,0,408,0,0.0,1.0,YES
C4 (3937bbf) -> C5 (1ee704e),src/cache.py::flush_all,src/cache.py,function,NO,NOT DRIFTED,0,0,408,0,0.0,1.0,YES
C4 (3937bbf) -> C5 (1ee704e),src/cache.py::purge_stale_keys,src/cache.py,function,NO,NOT DRIFTED,0,0,408,0,0.0,1.0,YES
C4 (3937bbf) -> C5 (1ee704e),src/cache.py::redis_connect,src/cache.py,function,NO,NOT DRIFTED,0,0,408,0,0.0,1.0,YES
C4 (3937bbf) -> C5 (1ee704e),src/cache.py::serialize_key,src/cache.py,function,NO,NOT DRIFTED,0,0,408,0,0.0,1.0,YES
C4 (3937bbf) -> C5 (1ee704e),src/database.py::DatabaseClient,src/database.py,class,NO,NOT DRIFTED,0,0,408,0,0.0,1.0,YES
C4 (3937bbf) -> C5 (1ee704e),src/database.py::DatabaseClient::__init__,src/database.py,method,NO,NOT DRIFTED,0,0,408,0,0.0,1.0,YES
C4 (3937bbf) -> C5 (1ee704e),src/database.py::DatabaseClient::is_active,src/database.py,method,NO,NOT DRIFTED,0,0,408,0,0.0,1.0,YES
C4 (3937bbf) -> C5 (1ee704e),src/database.py::MigrationRunner,src/database.py,class,NO,NOT DRIFTED,0,0,408,0,0.0,1.0,YES
C4 (3937bbf) -> C5 (1ee704e),src/database.py::MigrationRunner::__init__,src/database.py,method,NO,NOT DRIFTED,0,0,408,0,0.0,1.0,YES
C4 (3937bbf) -> C5 (1ee704e),src/database.py::MigrationRunner::get_version,src/database.py,method,NO,NOT DRIFTED,0,0,408,0,0.0,1.0,YES
C4 (3937bbf) -> C5 (1ee704e),src/database.py::ORMModel,src/database.py,class,NO,NOT DRIFTED,0,0,408,0,0.0,1.0,YES
C4 (3937bbf) -> C5 (1ee704e),src/database.py::ORMModel::__init__,src/database.py,method,NO,NOT DRIFTED,0,0,408,0,0.0,1.0,YES
C4 (3937bbf) -> C5 (1ee704e),src/database.py::ORMModel::to_dict,src/database.py,method,NO,NOT DRIFTED,0,0,408,0,0.0,1.0,YES
C4 (3937bbf) -> C5 (1ee704e),src/database.py::QueryBuilder,src/database.py,class,NO,NOT DRIFTED,0,0,408,0,0.0,1.0,YES
C4 (3937bbf) -> C5 (1ee704e),src/database.py::QueryBuilder::__init__,src/database.py,method,NO,NOT DRIFTED,0,0,408,0,0.0,1.0,YES
C4 (3937bbf) -> C5 (1ee704e),src/database.py::QueryBuilder::build_clause,src/database.py,method,NO,NOT DRIFTED,0,0,408,0,0.0,1.0,YES
C4 (3937bbf) -> C5 (1ee704e),src/database.py::apply_migrations,src/database.py,function,NO,NOT DRIFTED,0,0,408,0,0.0,1.0,YES
C4 (3937bbf) -> C5 (1ee704e),src/database.py::build_insert_query,src/database.py,function,NO,NOT DRIFTED,0,0,408,0,0.0,1.0,YES
C4 (3937bbf) -> C5 (1ee704e),src/database.py::build_select_query,src/database.py,function,NO,NOT DRIFTED,0,0,408,0,0.0,1.0,YES
C4 (3937bbf) -> C5 (1ee704e),src/database.py::connect_db,src/database.py,function,NO,NOT DRIFTED,0,0,408,0,0.0,1.0,YES
C4 (3937bbf) -> C5 (1ee704e),src/database.py::execute_query,src/database.py,function,NO,NOT DRIFTED,0,0,408,0,0.0,1.0,YES
C4 (3937bbf) -> C5 (1ee704e),src/database.py::save_model,src/database.py,function,NO,NOT DRIFTED,0,0,408,0,0.0,1.0,YES
C4 (3937bbf) -> C5 (1ee704e),src/utils.py::CryptoHelper,src/utils.py,class,YES,DRIFTED,1,1,408,2,-0.0007,1.0,YES
C4 (3937bbf) -> C5 (1ee704e),src/utils.py::CryptoHelper::__init__,src/utils.py,method,YES,DRIFTED,1,18,408,17,0.003,1.0,YES
C4 (3937bbf) -> C5 (1ee704e),src/utils.py::CryptoHelper::get_key_length,src/utils.py,method,YES,NOT DRIFTED,0,0,408,0,0.0,1.0,YES
C4 (3937bbf) -> C5 (1ee704e),src/utils.py::DateFormatter,src/utils.py,class,YES,DRIFTED,1,3,408,2,0.0009,1.0,YES
C4 (3937bbf) -> C5 (1ee704e),src/utils.py::DateFormatter::__init__,src/utils.py,method,YES,DRIFTED,1,4,408,0,0.0,1.0,YES
C4 (3937bbf) -> C5 (1ee704e),src/utils.py::DateFormatter::get_tz,src/utils.py,method,YES,NOT DRIFTED,0,0,408,0,0.0,1.0,YES
C4 (3937bbf) -> C5 (1ee704e),src/utils.py::LoggerWrapper,src/utils.py,class,YES,DRIFTED,1,13,408,1,0.0009,1.0,YES
C4 (3937bbf) -> C5 (1ee704e),src/utils.py::LoggerWrapper::__init__,src/utils.py,method,YES,DRIFTED,1,13,408,6,0.0003,1.0,YES
C4 (3937bbf) -> C5 (1ee704e),src/utils.py::LoggerWrapper::format_msg,src/utils.py,method,YES,DRIFTED,1,14,408,2,0.0018,1.0,YES
C4 (3937bbf) -> C5 (1ee704e),src/utils.py::StringCleaner,src/utils.py,class,YES,NOT DRIFTED,0,0,408,3,0.0009,1.0,YES
C4 (3937bbf) -> C5 (1ee704e),src/utils.py::StringCleaner::__init__,src/utils.py,method,YES,DRIFTED,1,2,408,2,0.0004,1.0,YES
C4 (3937bbf) -> C5 (1ee704e),src/utils.py::StringCleaner::clean,src/utils.py,method,YES,NOT DRIFTED,0,0,408,1,-0.0006,1.0,YES
C4 (3937bbf) -> C5 (1ee704e),src/utils.py::decrypt_data,src/utils.py,function,YES,DRIFTED,1,1,408,3,0.0021,1.0,YES
C4 (3937bbf) -> C5 (1ee704e),src/utils.py::encrypt_data,src/utils.py,function,YES,DRIFTED,1,1,408,2,0.0012,1.0,YES
C4 (3937bbf) -> C5 (1ee704e),src/utils.py::format_iso_date,src/utils.py,function,YES,DRIFTED,1,2,408,0,0.0,1.0,YES
C4 (3937bbf) -> C5 (1ee704e),src/utils.py::log_error,src/utils.py,function,YES,DRIFTED,1,3,408,0,0.0,1.0,YES
C4 (3937bbf) -> C5 (1ee704e),src/utils.py::log_info,src/utils.py,function,YES,DRIFTED,1,9,408,1,0.0014,1.0,YES
C4 (3937bbf) -> C5 (1ee704e),src/utils.py::sanitize_input,src/utils.py,function,YES,DRIFTED,1,4,408,1,-0.0008,1.0,YES
C5 (1ee704e) -> C6 (b528f96),src/api.py::APIRouter,src/api.py,class,NO,NOT DRIFTED,0,0,408,0,0.0,1.0,YES
C5 (1ee704e) -> C6 (b528f96),src/api.py::APIRouter::__init__,src/api.py,method,NO,NOT DRIFTED,0,0,408,0,0.0,1.0,YES
C5 (1ee704e) -> C6 (b528f96),src/api.py::APIRouter::match_route,src/api.py,method,NO,NOT DRIFTED,0,0,408,0,0.0,1.0,YES
C5 (1ee704e) -> C6 (b528f96),src/api.py::MiddlewarePipeline,src/api.py,class,NO,NOT DRIFTED,0,0,408,0,0.0,1.0,YES
C5 (1ee704e) -> C6 (b528f96),src/api.py::MiddlewarePipeline::__init__,src/api.py,method,NO,NOT DRIFTED,0,0,408,0,0.0,1.0,YES
C5 (1ee704e) -> C6 (b528f96),src/api.py::MiddlewarePipeline::execute_all,src/api.py,method,NO,NOT DRIFTED,0,0,408,0,0.0,1.0,YES
C5 (1ee704e) -> C6 (b528f96),src/api.py::MiddlewarePipeline::register,src/api.py,method,NO,NOT DRIFTED,0,0,408,0,0.0,1.0,YES
C5 (1ee704e) -> C6 (b528f96),src/api.py::RateLimiter,src/api.py,class,NO,NOT DRIFTED,0,0,408,0,0.0,1.0,YES
C5 (1ee704e) -> C6 (b528f96),src/api.py::RateLimiter::__init__,src/api.py,method,NO,NOT DRIFTED,0,0,408,0,0.0,1.0,YES
C5 (1ee704e) -> C6 (b528f96),src/api.py::RateLimiter::is_exceeded,src/api.py,method,NO,NOT DRIFTED,0,0,408,0,0.0,1.0,YES
C5 (1ee704e) -> C6 (b528f96),src/api.py::ResponseFormatter,src/api.py,class,NO,NOT DRIFTED,0,0,408,0,0.0,1.0,YES
C5 (1ee704e) -> C6 (b528f96),src/api.py::ResponseFormatter::__init__,src/api.py,method,NO,NOT DRIFTED,0,0,408,0,0.0,1.0,YES
C5 (1ee704e) -> C6 (b528f96),src/api.py::ResponseFormatter::build_envelope,src/api.py,method,NO,NOT DRIFTED,0,0,408,0,0.0,1.0,YES
C5 (1ee704e) -> C6 (b528f96),src/api.py::allow_request,src/api.py,function,NO,NOT DRIFTED,0,0,408,0,0.0,1.0,YES
C5 (1ee704e) -> C6 (b528f96),src/api.py::auth_middleware,src/api.py,function,NO,NOT DRIFTED,0,0,408,0,0.0,1.0,YES
C5 (1ee704e) -> C6 (b528f96),src/api.py::error_handler,src/api.py,function,NO,NOT DRIFTED,0,0,408,0,0.0,1.0,YES
C5 (1ee704e) -> C6 (b528f96),src/api.py::handle_request,src/api.py,function,NO,NOT DRIFTED,0,0,408,0,0.0,1.0,YES
C5 (1ee704e) -> C6 (b528f96),src/api.py::json_response,src/api.py,function,NO,NOT DRIFTED,0,0,408,0,0.0,1.0,YES
C5 (1ee704e) -> C6 (b528f96),src/api.py::logging_middleware,src/api.py,function,NO,NOT DRIFTED,0,0,408,0,0.0,1.0,YES
C5 (1ee704e) -> C6 (b528f96),src/auth.py::RBACController,src/auth.py,class,YES,DRIFTED,1,7,408,2,0.0007,1.0,YES
C5 (1ee704e) -> C6 (b528f96),src/auth.py::RBACController::__init__,src/auth.py,method,YES,DRIFTED,1,8,408,3,-0.0006,1.0,YES
C5 (1ee704e) -> C6 (b528f96),src/auth.py::RBACController::is_authorized,src/auth.py,method,YES,DRIFTED,1,6,408,1,0.0009,1.0,YES
C5 (1ee704e) -> C6 (b528f96),src/auth.py::SessionManager,src/auth.py,class,YES,DRIFTED,1,4,408,4,0.0011,1.0,YES
C5 (1ee704e) -> C6 (b528f96),src/auth.py::SessionManager::__init__,src/auth.py,method,YES,DRIFTED,1,3,408,0,0.0,1.0,YES
C5 (1ee704e) -> C6 (b528f96),src/auth.py::SessionManager::get_session,src/auth.py,method,YES,NOT DRIFTED,0,0,408,0,0.0,1.0,YES
C5 (1ee704e) -> C6 (b528f96),src/auth.py::TokenValidator,src/auth.py,class,YES,NOT DRIFTED,0,0,408,0,0.0,1.0,YES
C5 (1ee704e) -> C6 (b528f96),src/auth.py::TokenValidator::__init__,src/auth.py,method,YES,NOT DRIFTED,0,0,408,0,0.0,1.0,YES
C5 (1ee704e) -> C6 (b528f96),src/auth.py::TokenValidator::validate_structure,src/auth.py,method,YES,NOT DRIFTED,0,0,408,0,0.0,1.0,YES
C5 (1ee704e) -> C6 (b528f96),src/auth.py::check_permission,src/auth.py,function,YES,DRIFTED,1,3,408,4,0.0046,1.0,YES
C5 (1ee704e) -> C6 (b528f96),src/auth.py::create_session,src/auth.py,function,YES,DRIFTED,1,11,408,2,0.0026,1.0,YES
C5 (1ee704e) -> C6 (b528f96),src/auth.py::destroy_session,src/auth.py,function,YES,DRIFTED,1,4,408,2,0.0003,1.0,YES
C5 (1ee704e) -> C6 (b528f96),src/auth.py::generate_token,src/auth.py,function,YES,NOT DRIFTED,0,0,408,0,0.0,1.0,YES
C5 (1ee704e) -> C6 (b528f96),src/auth.py::hash_password,src/auth.py,function,YES,NOT DRIFTED,0,0,408,0,0.0,1.0,YES
C5 (1ee704e) -> C6 (b528f96),src/auth.py::validate_jwt,src/auth.py,function,YES,NOT DRIFTED,0,0,408,0,0.0,1.0,YES
C5 (1ee704e) -> C6 (b528f96),src/auth.py::verify_password,src/auth.py,function,YES,NOT DRIFTED,0,0,408,0,0.0,1.0,YES
C5 (1ee704e) -> C6 (b528f96),src/cache.py::InvalidationManager,src/cache.py,class,NO,NOT DRIFTED,0,0,408,0,0.0,1.0,YES
C5 (1ee704e) -> C6 (b528f96),src/cache.py::InvalidationManager::__init__,src/cache.py,method,NO,NOT DRIFTED,0,0,408,0,0.0,1.0,YES
C5 (1ee704e) -> C6 (b528f96),src/cache.py::InvalidationManager::should_purge,src/cache.py,method,NO,NOT DRIFTED,0,0,408,0,0.0,1.0,YES
C5 (1ee704e) -> C6 (b528f96),src/cache.py::KeySerializer,src/cache.py,class,NO,NOT DRIFTED,0,0,408,0,0.0,1.0,YES
C5 (1ee704e) -> C6 (b528f96),src/cache.py::KeySerializer::__init__,src/cache.py,method,NO,NOT DRIFTED,0,0,408,0,0.0,1.0,YES
C5 (1ee704e) -> C6 (b528f96),src/cache.py::KeySerializer::format_prefix,src/cache.py,method,NO,NOT DRIFTED,0,0,408,0,0.0,1.0,YES
C5 (1ee704e) -> C6 (b528f96),src/cache.py::LRUCache,src/cache.py,class,NO,NOT DRIFTED,0,0,408,0,0.0,1.0,YES
C5 (1ee704e) -> C6 (b528f96),src/cache.py::LRUCache::__init__,src/cache.py,method,NO,NOT DRIFTED,0,0,408,0,0.0,1.0,YES
C5 (1ee704e) -> C6 (b528f96),src/cache.py::LRUCache::is_full,src/cache.py,method,NO,NOT DRIFTED,0,0,408,0,0.0,1.0,YES
C5 (1ee704e) -> C6 (b528f96),src/cache.py::LRUCache::record_hit,src/cache.py,method,NO,NOT DRIFTED,0,0,408,0,0.0,1.0,YES
C5 (1ee704e) -> C6 (b528f96),src/cache.py::RedisManager,src/cache.py,class,NO,NOT DRIFTED,0,0,408,0,0.0,1.0,YES
C5 (1ee704e) -> C6 (b528f96),src/cache.py::RedisManager::__init__,src/cache.py,method,NO,NOT DRIFTED,0,0,408,0,0.0,1.0,YES
C5 (1ee704e) -> C6 (b528f96),src/cache.py::RedisManager::ping,src/cache.py,method,NO,NOT DRIFTED,0,0,408,0,0.0,1.0,YES
C5 (1ee704e) -> C6 (b528f96),src/cache.py::cache_get,src/cache.py,function,NO,NOT DRIFTED,0,0,408,0,0.0,1.0,YES
C5 (1ee704e) -> C6 (b528f96),src/cache.py::cache_set,src/cache.py,function,NO,NOT DRIFTED,0,0,408,0,0.0,1.0,YES
C5 (1ee704e) -> C6 (b528f96),src/cache.py::flush_all,src/cache.py,function,NO,NOT DRIFTED,0,0,408,0,0.0,1.0,YES
C5 (1ee704e) -> C6 (b528f96),src/cache.py::purge_stale_keys,src/cache.py,function,NO,NOT DRIFTED,0,0,408,0,0.0,1.0,YES
C5 (1ee704e) -> C6 (b528f96),src/cache.py::redis_connect,src/cache.py,function,NO,NOT DRIFTED,0,0,408,0,0.0,1.0,YES
C5 (1ee704e) -> C6 (b528f96),src/cache.py::serialize_key,src/cache.py,function,NO,NOT DRIFTED,0,0,408,0,0.0,1.0,YES
C5 (1ee704e) -> C6 (b528f96),src/database.py::DatabaseClient,src/database.py,class,NO,NOT DRIFTED,0,0,408,0,0.0,1.0,YES
C5 (1ee704e) -> C6 (b528f96),src/database.py::DatabaseClient::__init__,src/database.py,method,NO,NOT DRIFTED,0,0,408,0,0.0,1.0,YES
C5 (1ee704e) -> C6 (b528f96),src/database.py::DatabaseClient::is_active,src/database.py,method,NO,NOT DRIFTED,0,0,408,0,0.0,1.0,YES
C5 (1ee704e) -> C6 (b528f96),src/database.py::MigrationRunner,src/database.py,class,NO,NOT DRIFTED,0,0,408,0,0.0,1.0,YES
C5 (1ee704e) -> C6 (b528f96),src/database.py::MigrationRunner::__init__,src/database.py,method,NO,NOT DRIFTED,0,0,408,0,0.0,1.0,YES
C5 (1ee704e) -> C6 (b528f96),src/database.py::MigrationRunner::get_version,src/database.py,method,NO,NOT DRIFTED,0,0,408,0,0.0,1.0,YES
C5 (1ee704e) -> C6 (b528f96),src/database.py::ORMModel,src/database.py,class,NO,NOT DRIFTED,0,0,408,0,0.0,1.0,YES
C5 (1ee704e) -> C6 (b528f96),src/database.py::ORMModel::__init__,src/database.py,method,NO,NOT DRIFTED,0,0,408,0,0.0,1.0,YES
C5 (1ee704e) -> C6 (b528f96),src/database.py::ORMModel::to_dict,src/database.py,method,NO,NOT DRIFTED,0,0,408,0,0.0,1.0,YES
C5 (1ee704e) -> C6 (b528f96),src/database.py::QueryBuilder,src/database.py,class,NO,NOT DRIFTED,0,0,408,0,0.0,1.0,YES
C5 (1ee704e) -> C6 (b528f96),src/database.py::QueryBuilder::__init__,src/database.py,method,NO,NOT DRIFTED,0,0,408,0,0.0,1.0,YES
C5 (1ee704e) -> C6 (b528f96),src/database.py::QueryBuilder::build_clause,src/database.py,method,NO,NOT DRIFTED,0,0,408,0,0.0,1.0,YES
C5 (1ee704e) -> C6 (b528f96),src/database.py::apply_migrations,src/database.py,function,NO,NOT DRIFTED,0,0,408,0,0.0,1.0,YES
C5 (1ee704e) -> C6 (b528f96),src/database.py::build_insert_query,src/database.py,function,NO,NOT DRIFTED,0,0,408,0,0.0,1.0,YES
C5 (1ee704e) -> C6 (b528f96),src/database.py::build_select_query,src/database.py,function,NO,NOT DRIFTED,0,0,408,0,0.0,1.0,YES
C5 (1ee704e) -> C6 (b528f96),src/database.py::connect_db,src/database.py,function,NO,NOT DRIFTED,0,0,408,0,0.0,1.0,YES
C5 (1ee704e) -> C6 (b528f96),src/database.py::execute_query,src/database.py,function,NO,NOT DRIFTED,0,0,408,0,0.0,1.0,YES
C5 (1ee704e) -> C6 (b528f96),src/database.py::save_model,src/database.py,function,NO,NOT DRIFTED,0,0,408,0,0.0,1.0,YES
C5 (1ee704e) -> C6 (b528f96),src/utils.py::CryptoHelper,src/utils.py,class,NO,NOT DRIFTED,0,0,408,0,0.0,1.0,YES
C5 (1ee704e) -> C6 (b528f96),src/utils.py::CryptoHelper::__init__,src/utils.py,method,NO,NOT DRIFTED,0,0,408,0,0.0,1.0,YES
C5 (1ee704e) -> C6 (b528f96),src/utils.py::CryptoHelper::get_key_length,src/utils.py,method,NO,NOT DRIFTED,0,0,408,0,0.0,1.0,YES
C5 (1ee704e) -> C6 (b528f96),src/utils.py::DateFormatter,src/utils.py,class,NO,NOT DRIFTED,0,0,408,0,0.0,1.0,YES
C5 (1ee704e) -> C6 (b528f96),src/utils.py::DateFormatter::__init__,src/utils.py,method,NO,NOT DRIFTED,0,0,408,0,0.0,1.0,YES
C5 (1ee704e) -> C6 (b528f96),src/utils.py::DateFormatter::get_tz,src/utils.py,method,NO,NOT DRIFTED,0,0,408,0,0.0,1.0,YES
C5 (1ee704e) -> C6 (b528f96),src/utils.py::LoggerWrapper,src/utils.py,class,NO,NOT DRIFTED,0,0,408,0,0.0,1.0,YES
C5 (1ee704e) -> C6 (b528f96),src/utils.py::LoggerWrapper::__init__,src/utils.py,method,NO,NOT DRIFTED,0,0,408,0,0.0,1.0,YES
C5 (1ee704e) -> C6 (b528f96),src/utils.py::LoggerWrapper::format_msg,src/utils.py,method,NO,NOT DRIFTED,0,0,408,0,0.0,1.0,YES
C5 (1ee704e) -> C6 (b528f96),src/utils.py::StringCleaner,src/utils.py,class,NO,NOT DRIFTED,0,0,408,0,0.0,1.0,YES
C5 (1ee704e) -> C6 (b528f96),src/utils.py::StringCleaner::__init__,src/utils.py,method,NO,NOT DRIFTED,0,0,408,0,0.0,1.0,YES
C5 (1ee704e) -> C6 (b528f96),src/utils.py::StringCleaner::clean,src/utils.py,method,NO,NOT DRIFTED,0,0,408,0,0.0,1.0,YES
C5 (1ee704e) -> C6 (b528f96),src/utils.py::decrypt_data,src/utils.py,function,NO,NOT DRIFTED,0,0,408,0,0.0,1.0,YES
C5 (1ee704e) -> C6 (b528f96),src/utils.py::encrypt_data,src/utils.py,function,NO,NOT DRIFTED,0,0,408,0,0.0,1.0,YES
C5 (1ee704e) -> C6 (b528f96),src/utils.py::format_iso_date,src/utils.py,function,NO,NOT DRIFTED,0,0,408,0,0.0,1.0,YES
C5 (1ee704e) -> C6 (b528f96),src/utils.py::log_error,src/utils.py,function,NO,NOT DRIFTED,0,0,408,0,0.0,1.0,YES
C5 (1ee704e) -> C6 (b528f96),src/utils.py::log_info,src/utils.py,function,NO,NOT DRIFTED,0,0,408,0,0.0,1.0,YES
C5 (1ee704e) -> C6 (b528f96),src/utils.py::sanitize_input,src/utils.py,function,NO,NOT DRIFTED,0,0,408,0,0.0,1.0,YES
C6 (b528f96) -> C7 (ecdf44a),src/api.py::APIRouter,src/api.py,class,NO,NOT DRIFTED,0,0,408,0,0.0,1.0,YES
C6 (b528f96) -> C7 (ecdf44a),src/api.py::APIRouter::__init__,src/api.py,method,NO,NOT DRIFTED,0,0,408,0,0.0,1.0,YES
C6 (b528f96) -> C7 (ecdf44a),src/api.py::APIRouter::match_route,src/api.py,method,NO,NOT DRIFTED,0,0,408,0,0.0,1.0,YES
C6 (b528f96) -> C7 (ecdf44a),src/api.py::MiddlewarePipeline,src/api.py,class,NO,NOT DRIFTED,0,0,408,0,0.0,1.0,YES
C6 (b528f96) -> C7 (ecdf44a),src/api.py::MiddlewarePipeline::__init__,src/api.py,method,NO,NOT DRIFTED,0,0,408,0,0.0,1.0,YES
C6 (b528f96) -> C7 (ecdf44a),src/api.py::MiddlewarePipeline::execute_all,src/api.py,method,NO,NOT DRIFTED,0,0,408,0,0.0,1.0,YES
C6 (b528f96) -> C7 (ecdf44a),src/api.py::MiddlewarePipeline::register,src/api.py,method,NO,NOT DRIFTED,0,0,408,0,0.0,1.0,YES
C6 (b528f96) -> C7 (ecdf44a),src/api.py::RateLimiter,src/api.py,class,NO,NOT DRIFTED,0,0,408,0,0.0,1.0,YES
C6 (b528f96) -> C7 (ecdf44a),src/api.py::RateLimiter::__init__,src/api.py,method,NO,NOT DRIFTED,0,0,408,0,0.0,1.0,YES
C6 (b528f96) -> C7 (ecdf44a),src/api.py::RateLimiter::is_exceeded,src/api.py,method,NO,NOT DRIFTED,0,0,408,0,0.0,1.0,YES
C6 (b528f96) -> C7 (ecdf44a),src/api.py::ResponseFormatter,src/api.py,class,NO,NOT DRIFTED,0,0,408,0,0.0,1.0,YES
C6 (b528f96) -> C7 (ecdf44a),src/api.py::ResponseFormatter::__init__,src/api.py,method,NO,NOT DRIFTED,0,0,408,0,0.0,1.0,YES
C6 (b528f96) -> C7 (ecdf44a),src/api.py::ResponseFormatter::build_envelope,src/api.py,method,NO,NOT DRIFTED,0,0,408,0,0.0,1.0,YES
C6 (b528f96) -> C7 (ecdf44a),src/api.py::allow_request,src/api.py,function,NO,NOT DRIFTED,0,0,408,0,0.0,1.0,YES
C6 (b528f96) -> C7 (ecdf44a),src/api.py::auth_middleware,src/api.py,function,NO,NOT DRIFTED,0,0,408,0,0.0,1.0,YES
C6 (b528f96) -> C7 (ecdf44a),src/api.py::error_handler,src/api.py,function,NO,NOT DRIFTED,0,0,408,0,0.0,1.0,YES
C6 (b528f96) -> C7 (ecdf44a),src/api.py::handle_request,src/api.py,function,NO,NOT DRIFTED,0,0,408,0,0.0,1.0,YES
C6 (b528f96) -> C7 (ecdf44a),src/api.py::json_response,src/api.py,function,NO,NOT DRIFTED,0,0,408,0,0.0,1.0,YES
C6 (b528f96) -> C7 (ecdf44a),src/api.py::logging_middleware,src/api.py,function,NO,NOT DRIFTED,0,0,408,0,0.0,1.0,YES
C6 (b528f96) -> C7 (ecdf44a),src/auth.py::RBACController,src/auth.py,class,NO,NOT DRIFTED,0,0,408,0,0.0,1.0,YES
C6 (b528f96) -> C7 (ecdf44a),src/auth.py::RBACController::__init__,src/auth.py,method,NO,NOT DRIFTED,0,0,408,0,0.0,1.0,YES
C6 (b528f96) -> C7 (ecdf44a),src/auth.py::RBACController::is_authorized,src/auth.py,method,NO,NOT DRIFTED,0,0,408,0,0.0,1.0,YES
C6 (b528f96) -> C7 (ecdf44a),src/auth.py::SessionManager,src/auth.py,class,NO,NOT DRIFTED,0,0,408,0,0.0,1.0,YES
C6 (b528f96) -> C7 (ecdf44a),src/auth.py::SessionManager::__init__,src/auth.py,method,NO,NOT DRIFTED,0,0,408,0,0.0,1.0,YES
C6 (b528f96) -> C7 (ecdf44a),src/auth.py::SessionManager::get_session,src/auth.py,method,NO,NOT DRIFTED,0,0,408,0,0.0,1.0,YES
C6 (b528f96) -> C7 (ecdf44a),src/auth.py::TokenValidator,src/auth.py,class,NO,NOT DRIFTED,0,0,408,0,0.0,1.0,YES
C6 (b528f96) -> C7 (ecdf44a),src/auth.py::TokenValidator::__init__,src/auth.py,method,NO,NOT DRIFTED,0,0,408,0,0.0,1.0,YES
C6 (b528f96) -> C7 (ecdf44a),src/auth.py::TokenValidator::validate_structure,src/auth.py,method,NO,NOT DRIFTED,0,0,408,0,0.0,1.0,YES
C6 (b528f96) -> C7 (ecdf44a),src/auth.py::check_permission,src/auth.py,function,NO,NOT DRIFTED,0,0,408,0,0.0,1.0,YES
C6 (b528f96) -> C7 (ecdf44a),src/auth.py::create_session,src/auth.py,function,NO,NOT DRIFTED,0,0,408,0,0.0,1.0,YES
C6 (b528f96) -> C7 (ecdf44a),src/auth.py::destroy_session,src/auth.py,function,NO,NOT DRIFTED,0,0,408,0,0.0,1.0,YES
C6 (b528f96) -> C7 (ecdf44a),src/auth.py::generate_token,src/auth.py,function,NO,NOT DRIFTED,0,0,408,0,0.0,1.0,YES
C6 (b528f96) -> C7 (ecdf44a),src/auth.py::hash_password,src/auth.py,function,NO,NOT DRIFTED,0,0,408,0,0.0,1.0,YES
C6 (b528f96) -> C7 (ecdf44a),src/auth.py::validate_jwt,src/auth.py,function,NO,NOT DRIFTED,0,0,408,0,0.0,1.0,YES
C6 (b528f96) -> C7 (ecdf44a),src/auth.py::verify_password,src/auth.py,function,NO,NOT DRIFTED,0,0,408,0,0.0,1.0,YES
C6 (b528f96) -> C7 (ecdf44a),src/cache.py::InvalidationManager,src/cache.py,class,NO,NOT DRIFTED,0,0,408,0,0.0,1.0,YES
C6 (b528f96) -> C7 (ecdf44a),src/cache.py::InvalidationManager::__init__,src/cache.py,method,NO,NOT DRIFTED,0,0,408,0,0.0,1.0,YES
C6 (b528f96) -> C7 (ecdf44a),src/cache.py::InvalidationManager::should_purge,src/cache.py,method,NO,NOT DRIFTED,0,0,408,0,0.0,1.0,YES
C6 (b528f96) -> C7 (ecdf44a),src/cache.py::KeySerializer,src/cache.py,class,NO,NOT DRIFTED,0,0,408,0,0.0,1.0,YES
C6 (b528f96) -> C7 (ecdf44a),src/cache.py::KeySerializer::__init__,src/cache.py,method,NO,NOT DRIFTED,0,0,408,0,0.0,1.0,YES
C6 (b528f96) -> C7 (ecdf44a),src/cache.py::KeySerializer::format_prefix,src/cache.py,method,NO,NOT DRIFTED,0,0,408,0,0.0,1.0,YES
C6 (b528f96) -> C7 (ecdf44a),src/cache.py::LRUCache,src/cache.py,class,NO,NOT DRIFTED,0,0,408,0,0.0,1.0,YES
C6 (b528f96) -> C7 (ecdf44a),src/cache.py::LRUCache::__init__,src/cache.py,method,NO,NOT DRIFTED,0,0,408,0,0.0,1.0,YES
C6 (b528f96) -> C7 (ecdf44a),src/cache.py::LRUCache::is_full,src/cache.py,method,NO,NOT DRIFTED,0,0,408,0,0.0,1.0,YES
C6 (b528f96) -> C7 (ecdf44a),src/cache.py::LRUCache::record_hit,src/cache.py,method,NO,NOT DRIFTED,0,0,408,0,0.0,1.0,YES
C6 (b528f96) -> C7 (ecdf44a),src/cache.py::RedisManager,src/cache.py,class,NO,NOT DRIFTED,0,0,408,0,0.0,1.0,YES
C6 (b528f96) -> C7 (ecdf44a),src/cache.py::RedisManager::__init__,src/cache.py,method,NO,NOT DRIFTED,0,0,408,0,0.0,1.0,YES
C6 (b528f96) -> C7 (ecdf44a),src/cache.py::RedisManager::ping,src/cache.py,method,NO,NOT DRIFTED,0,0,408,0,0.0,1.0,YES
C6 (b528f96) -> C7 (ecdf44a),src/cache.py::cache_get,src/cache.py,function,NO,NOT DRIFTED,0,0,408,0,0.0,1.0,YES
C6 (b528f96) -> C7 (ecdf44a),src/cache.py::cache_set,src/cache.py,function,NO,NOT DRIFTED,0,0,408,0,0.0,1.0,YES
C6 (b528f96) -> C7 (ecdf44a),src/cache.py::flush_all,src/cache.py,function,NO,NOT DRIFTED,0,0,408,0,0.0,1.0,YES
C6 (b528f96) -> C7 (ecdf44a),src/cache.py::purge_stale_keys,src/cache.py,function,NO,NOT DRIFTED,0,0,408,0,0.0,1.0,YES
C6 (b528f96) -> C7 (ecdf44a),src/cache.py::redis_connect,src/cache.py,function,NO,NOT DRIFTED,0,0,408,0,0.0,1.0,YES
C6 (b528f96) -> C7 (ecdf44a),src/cache.py::serialize_key,src/cache.py,function,NO,NOT DRIFTED,0,0,408,0,0.0,1.0,YES
C6 (b528f96) -> C7 (ecdf44a),src/database.py::DatabaseClient,src/database.py,class,YES,DRIFTED,1,4,408,1,-0.0009,1.0,YES
C6 (b528f96) -> C7 (ecdf44a),src/database.py::DatabaseClient::__init__,src/database.py,method,YES,DRIFTED,1,5,408,3,0.0017,1.0,YES
C6 (b528f96) -> C7 (ecdf44a),src/database.py::DatabaseClient::is_active,src/database.py,method,YES,NOT DRIFTED,0,0,408,0,0.0,1.0,YES
C6 (b528f96) -> C7 (ecdf44a),src/database.py::MigrationRunner,src/database.py,class,YES,DRIFTED,1,2,408,0,0.0,1.0,YES
C6 (b528f96) -> C7 (ecdf44a),src/database.py::MigrationRunner::__init__,src/database.py,method,YES,DRIFTED,1,8,408,8,-0.0012,1.0,YES
C6 (b528f96) -> C7 (ecdf44a),src/database.py::MigrationRunner::get_version,src/database.py,method,YES,NOT DRIFTED,0,0,408,0,0.0,1.0,YES
C6 (b528f96) -> C7 (ecdf44a),src/database.py::ORMModel,src/database.py,class,YES,DRIFTED,1,11,408,1,-0.0015,1.0,YES
C6 (b528f96) -> C7 (ecdf44a),src/database.py::ORMModel::__init__,src/database.py,method,YES,DRIFTED,1,8,408,8,0.0005,1.0,YES
C6 (b528f96) -> C7 (ecdf44a),src/database.py::ORMModel::to_dict,src/database.py,method,YES,NOT DRIFTED,0,0,408,0,0.0,1.0,YES
C6 (b528f96) -> C7 (ecdf44a),src/database.py::QueryBuilder,src/database.py,class,YES,NOT DRIFTED,0,0,408,0,0.0,1.0,YES
C6 (b528f96) -> C7 (ecdf44a),src/database.py::QueryBuilder::__init__,src/database.py,method,YES,NOT DRIFTED,0,0,408,0,0.0,1.0,YES
C6 (b528f96) -> C7 (ecdf44a),src/database.py::QueryBuilder::build_clause,src/database.py,method,YES,NOT DRIFTED,0,0,408,0,0.0,1.0,YES
C6 (b528f96) -> C7 (ecdf44a),src/database.py::apply_migrations,src/database.py,function,YES,DRIFTED,1,1,408,3,0.0018,1.0,YES
C6 (b528f96) -> C7 (ecdf44a),src/database.py::build_insert_query,src/database.py,function,YES,NOT DRIFTED,0,0,408,0,0.0,1.0,YES
C6 (b528f96) -> C7 (ecdf44a),src/database.py::build_select_query,src/database.py,function,YES,NOT DRIFTED,0,0,408,0,0.0,1.0,YES
C6 (b528f96) -> C7 (ecdf44a),src/database.py::connect_db,src/database.py,function,YES,NOT DRIFTED,0,0,408,2,0.0012,1.0,YES
C6 (b528f96) -> C7 (ecdf44a),src/database.py::execute_query,src/database.py,function,YES,DRIFTED,1,10,408,3,0.0014,1.0,YES
C6 (b528f96) -> C7 (ecdf44a),src/database.py::save_model,src/database.py,function,YES,DRIFTED,1,4,408,0,0.0,1.0,YES
C6 (b528f96) -> C7 (ecdf44a),src/utils.py::CryptoHelper,src/utils.py,class,NO,NOT DRIFTED,0,0,408,0,0.0,1.0,YES
C6 (b528f96) -> C7 (ecdf44a),src/utils.py::CryptoHelper::__init__,src/utils.py,method,NO,NOT DRIFTED,0,0,408,0,0.0,1.0,YES
C6 (b528f96) -> C7 (ecdf44a),src/utils.py::CryptoHelper::get_key_length,src/utils.py,method,NO,NOT DRIFTED,0,0,408,0,0.0,1.0,YES
C6 (b528f96) -> C7 (ecdf44a),src/utils.py::DateFormatter,src/utils.py,class,NO,NOT DRIFTED,0,0,408,0,0.0,1.0,YES
C6 (b528f96) -> C7 (ecdf44a),src/utils.py::DateFormatter::__init__,src/utils.py,method,NO,NOT DRIFTED,0,0,408,0,0.0,1.0,YES
C6 (b528f96) -> C7 (ecdf44a),src/utils.py::DateFormatter::get_tz,src/utils.py,method,NO,NOT DRIFTED,0,0,408,0,0.0,1.0,YES
C6 (b528f96) -> C7 (ecdf44a),src/utils.py::LoggerWrapper,src/utils.py,class,NO,NOT DRIFTED,0,0,408,0,0.0,1.0,YES
C6 (b528f96) -> C7 (ecdf44a),src/utils.py::LoggerWrapper::__init__,src/utils.py,method,NO,NOT DRIFTED,0,0,408,0,0.0,1.0,YES
C6 (b528f96) -> C7 (ecdf44a),src/utils.py::LoggerWrapper::format_msg,src/utils.py,method,NO,NOT DRIFTED,0,0,408,0,0.0,1.0,YES
C6 (b528f96) -> C7 (ecdf44a),src/utils.py::StringCleaner,src/utils.py,class,NO,NOT DRIFTED,0,0,408,0,0.0,1.0,YES
C6 (b528f96) -> C7 (ecdf44a),src/utils.py::StringCleaner::__init__,src/utils.py,method,NO,NOT DRIFTED,0,0,408,0,0.0,1.0,YES
C6 (b528f96) -> C7 (ecdf44a),src/utils.py::StringCleaner::clean,src/utils.py,method,NO,NOT DRIFTED,0,0,408,0,0.0,1.0,YES
C6 (b528f96) -> C7 (ecdf44a),src/utils.py::decrypt_data,src/utils.py,function,NO,NOT DRIFTED,0,0,408,0,0.0,1.0,YES
C6 (b528f96) -> C7 (ecdf44a),src/utils.py::encrypt_data,src/utils.py,function,NO,NOT DRIFTED,0,0,408,0,0.0,1.0,YES
C6 (b528f96) -> C7 (ecdf44a),src/utils.py::format_iso_date,src/utils.py,function,NO,NOT DRIFTED,0,0,408,0,0.0,1.0,YES
C6 (b528f96) -> C7 (ecdf44a),src/utils.py::log_error,src/utils.py,function,NO,NOT DRIFTED,0,0,408,0,0.0,1.0,YES
C6 (b528f96) -> C7 (ecdf44a),src/utils.py::log_info,src/utils.py,function,NO,NOT DRIFTED,0,0,408,0,0.0,1.0,YES
C6 (b528f96) -> C7 (ecdf44a),src/utils.py::sanitize_input,src/utils.py,function,NO,NOT DRIFTED,0,0,408,0,0.0,1.0,YES
C7 (ecdf44a) -> C8 (c4f2d56),src/api.py::APIRouter,src/api.py,class,YES,DRIFTED,1,17,408,0,-0.0018,1.0,YES
C7 (ecdf44a) -> C8 (c4f2d56),src/api.py::APIRouter::__init__,src/api.py,method,YES,NOT DRIFTED,0,0,408,0,0.0,1.0,YES
C7 (ecdf44a) -> C8 (c4f2d56),src/api.py::APIRouter::match_route,src/api.py,method,YES,NOT DRIFTED,0,0,408,0,0.0,1.0,YES
C7 (ecdf44a) -> C8 (c4f2d56),src/api.py::MiddlewarePipeline,src/api.py,class,YES,NOT DRIFTED,0,0,408,0,0.0,1.0,YES
C7 (ecdf44a) -> C8 (c4f2d56),src/api.py::MiddlewarePipeline::__init__,src/api.py,method,YES,NOT DRIFTED,0,0,408,0,0.0,1.0,YES
C7 (ecdf44a) -> C8 (c4f2d56),src/api.py::MiddlewarePipeline::execute_all,src/api.py,method,YES,NOT DRIFTED,0,0,408,0,0.0,1.0,YES
C7 (ecdf44a) -> C8 (c4f2d56),src/api.py::MiddlewarePipeline::register,src/api.py,method,YES,NOT DRIFTED,0,0,408,0,0.0,1.0,YES
C7 (ecdf44a) -> C8 (c4f2d56),src/api.py::RateLimiter,src/api.py,class,YES,DRIFTED,1,8,408,2,0.0015,1.0,YES
C7 (ecdf44a) -> C8 (c4f2d56),src/api.py::RateLimiter::__init__,src/api.py,method,YES,DRIFTED,1,20,408,0,-0.0008,1.0,YES
C7 (ecdf44a) -> C8 (c4f2d56),src/api.py::RateLimiter::is_exceeded,src/api.py,method,YES,DRIFTED,1,5,408,1,0.0009,1.0,YES
C7 (ecdf44a) -> C8 (c4f2d56),src/api.py::ResponseFormatter,src/api.py,class,YES,DRIFTED,1,2,408,2,-0.0009,1.0,YES
C7 (ecdf44a) -> C8 (c4f2d56),src/api.py::ResponseFormatter::__init__,src/api.py,method,YES,DRIFTED,1,2,408,2,-0.0005,1.0,YES
C7 (ecdf44a) -> C8 (c4f2d56),src/api.py::ResponseFormatter::build_envelope,src/api.py,method,YES,DRIFTED,1,2,408,2,0.0002,1.0,YES
C7 (ecdf44a) -> C8 (c4f2d56),src/api.py::allow_request,src/api.py,function,YES,NOT DRIFTED,0,0,408,1,0.0003,1.0,YES
C7 (ecdf44a) -> C8 (c4f2d56),src/api.py::auth_middleware,src/api.py,function,YES,NOT DRIFTED,0,0,408,0,0.0,1.0,YES
C7 (ecdf44a) -> C8 (c4f2d56),src/api.py::error_handler,src/api.py,function,YES,DRIFTED,1,5,408,0,0.0,1.0,YES
C7 (ecdf44a) -> C8 (c4f2d56),src/api.py::handle_request,src/api.py,function,YES,NOT DRIFTED,0,0,408,0,0.0,1.0,YES
C7 (ecdf44a) -> C8 (c4f2d56),src/api.py::json_response,src/api.py,function,YES,DRIFTED,1,1,408,0,0.0,1.0,YES
C7 (ecdf44a) -> C8 (c4f2d56),src/api.py::logging_middleware,src/api.py,function,YES,NOT DRIFTED,0,0,408,0,0.0,1.0,YES
C7 (ecdf44a) -> C8 (c4f2d56),src/auth.py::RBACController,src/auth.py,class,NO,NOT DRIFTED,0,0,408,0,0.0,1.0,YES
C7 (ecdf44a) -> C8 (c4f2d56),src/auth.py::RBACController::__init__,src/auth.py,method,NO,NOT DRIFTED,0,0,408,0,0.0,1.0,YES
C7 (ecdf44a) -> C8 (c4f2d56),src/auth.py::RBACController::is_authorized,src/auth.py,method,NO,NOT DRIFTED,0,0,408,0,0.0,1.0,YES
C7 (ecdf44a) -> C8 (c4f2d56),src/auth.py::SessionManager,src/auth.py,class,NO,NOT DRIFTED,0,0,408,0,0.0,1.0,YES
C7 (ecdf44a) -> C8 (c4f2d56),src/auth.py::SessionManager::__init__,src/auth.py,method,NO,NOT DRIFTED,0,0,408,0,0.0,1.0,YES
C7 (ecdf44a) -> C8 (c4f2d56),src/auth.py::SessionManager::get_session,src/auth.py,method,NO,NOT DRIFTED,0,0,408,0,0.0,1.0,YES
C7 (ecdf44a) -> C8 (c4f2d56),src/auth.py::TokenValidator,src/auth.py,class,NO,NOT DRIFTED,0,0,408,0,0.0,1.0,YES
C7 (ecdf44a) -> C8 (c4f2d56),src/auth.py::TokenValidator::__init__,src/auth.py,method,NO,NOT DRIFTED,0,0,408,0,0.0,1.0,YES
C7 (ecdf44a) -> C8 (c4f2d56),src/auth.py::TokenValidator::validate_structure,src/auth.py,method,NO,NOT DRIFTED,0,0,408,0,0.0,1.0,YES
C7 (ecdf44a) -> C8 (c4f2d56),src/auth.py::check_permission,src/auth.py,function,NO,NOT DRIFTED,0,0,408,0,0.0,1.0,YES
C7 (ecdf44a) -> C8 (c4f2d56),src/auth.py::create_session,src/auth.py,function,NO,NOT DRIFTED,0,0,408,0,0.0,1.0,YES
C7 (ecdf44a) -> C8 (c4f2d56),src/auth.py::destroy_session,src/auth.py,function,NO,NOT DRIFTED,0,0,408,0,0.0,1.0,YES
C7 (ecdf44a) -> C8 (c4f2d56),src/auth.py::generate_token,src/auth.py,function,NO,NOT DRIFTED,0,0,408,0,0.0,1.0,YES
C7 (ecdf44a) -> C8 (c4f2d56),src/auth.py::hash_password,src/auth.py,function,NO,NOT DRIFTED,0,0,408,0,0.0,1.0,YES
C7 (ecdf44a) -> C8 (c4f2d56),src/auth.py::validate_jwt,src/auth.py,function,NO,NOT DRIFTED,0,0,408,0,0.0,1.0,YES
C7 (ecdf44a) -> C8 (c4f2d56),src/auth.py::verify_password,src/auth.py,function,NO,NOT DRIFTED,0,0,408,0,0.0,1.0,YES
C7 (ecdf44a) -> C8 (c4f2d56),src/cache.py::InvalidationManager,src/cache.py,class,NO,NOT DRIFTED,0,0,408,0,0.0,1.0,YES
C7 (ecdf44a) -> C8 (c4f2d56),src/cache.py::InvalidationManager::__init__,src/cache.py,method,NO,NOT DRIFTED,0,0,408,0,0.0,1.0,YES
C7 (ecdf44a) -> C8 (c4f2d56),src/cache.py::InvalidationManager::should_purge,src/cache.py,method,NO,NOT DRIFTED,0,0,408,0,0.0,1.0,YES
C7 (ecdf44a) -> C8 (c4f2d56),src/cache.py::KeySerializer,src/cache.py,class,NO,NOT DRIFTED,0,0,408,0,0.0,1.0,YES
C7 (ecdf44a) -> C8 (c4f2d56),src/cache.py::KeySerializer::__init__,src/cache.py,method,NO,NOT DRIFTED,0,0,408,0,0.0,1.0,YES
C7 (ecdf44a) -> C8 (c4f2d56),src/cache.py::KeySerializer::format_prefix,src/cache.py,method,NO,NOT DRIFTED,0,0,408,0,0.0,1.0,YES
C7 (ecdf44a) -> C8 (c4f2d56),src/cache.py::LRUCache,src/cache.py,class,NO,NOT DRIFTED,0,0,408,0,0.0,1.0,YES
C7 (ecdf44a) -> C8 (c4f2d56),src/cache.py::LRUCache::__init__,src/cache.py,method,NO,NOT DRIFTED,0,0,408,0,0.0,1.0,YES
C7 (ecdf44a) -> C8 (c4f2d56),src/cache.py::LRUCache::is_full,src/cache.py,method,NO,NOT DRIFTED,0,0,408,0,0.0,1.0,YES
C7 (ecdf44a) -> C8 (c4f2d56),src/cache.py::LRUCache::record_hit,src/cache.py,method,NO,NOT DRIFTED,0,0,408,0,0.0,1.0,YES
C7 (ecdf44a) -> C8 (c4f2d56),src/cache.py::RedisManager,src/cache.py,class,NO,NOT DRIFTED,0,0,408,0,0.0,1.0,YES
C7 (ecdf44a) -> C8 (c4f2d56),src/cache.py::RedisManager::__init__,src/cache.py,method,NO,NOT DRIFTED,0,0,408,0,0.0,1.0,YES
C7 (ecdf44a) -> C8 (c4f2d56),src/cache.py::RedisManager::ping,src/cache.py,method,NO,NOT DRIFTED,0,0,408,0,0.0,1.0,YES
C7 (ecdf44a) -> C8 (c4f2d56),src/cache.py::cache_get,src/cache.py,function,NO,NOT DRIFTED,0,0,408,0,0.0,1.0,YES
C7 (ecdf44a) -> C8 (c4f2d56),src/cache.py::cache_set,src/cache.py,function,NO,NOT DRIFTED,0,0,408,0,0.0,1.0,YES
C7 (ecdf44a) -> C8 (c4f2d56),src/cache.py::flush_all,src/cache.py,function,NO,NOT DRIFTED,0,0,408,0,0.0,1.0,YES
C7 (ecdf44a) -> C8 (c4f2d56),src/cache.py::purge_stale_keys,src/cache.py,function,NO,NOT DRIFTED,0,0,408,0,0.0,1.0,YES
C7 (ecdf44a) -> C8 (c4f2d56),src/cache.py::redis_connect,src/cache.py,function,NO,NOT DRIFTED,0,0,408,0,0.0,1.0,YES
C7 (ecdf44a) -> C8 (c4f2d56),src/cache.py::serialize_key,src/cache.py,function,NO,NOT DRIFTED,0,0,408,0,0.0,1.0,YES
C7 (ecdf44a) -> C8 (c4f2d56),src/database.py::DatabaseClient,src/database.py,class,NO,NOT DRIFTED,0,0,408,0,0.0,1.0,YES
C7 (ecdf44a) -> C8 (c4f2d56),src/database.py::DatabaseClient::__init__,src/database.py,method,NO,NOT DRIFTED,0,0,408,0,0.0,1.0,YES
C7 (ecdf44a) -> C8 (c4f2d56),src/database.py::DatabaseClient::is_active,src/database.py,method,NO,NOT DRIFTED,0,0,408,0,0.0,1.0,YES
C7 (ecdf44a) -> C8 (c4f2d56),src/database.py::MigrationRunner,src/database.py,class,NO,NOT DRIFTED,0,0,408,0,0.0,1.0,YES
C7 (ecdf44a) -> C8 (c4f2d56),src/database.py::MigrationRunner::__init__,src/database.py,method,NO,NOT DRIFTED,0,0,408,0,0.0,1.0,YES
C7 (ecdf44a) -> C8 (c4f2d56),src/database.py::MigrationRunner::get_version,src/database.py,method,NO,NOT DRIFTED,0,0,408,0,0.0,1.0,YES
C7 (ecdf44a) -> C8 (c4f2d56),src/database.py::ORMModel,src/database.py,class,NO,NOT DRIFTED,0,0,408,0,0.0,1.0,YES
C7 (ecdf44a) -> C8 (c4f2d56),src/database.py::ORMModel::__init__,src/database.py,method,NO,NOT DRIFTED,0,0,408,0,0.0,1.0,YES
C7 (ecdf44a) -> C8 (c4f2d56),src/database.py::ORMModel::to_dict,src/database.py,method,NO,NOT DRIFTED,0,0,408,0,0.0,1.0,YES
C7 (ecdf44a) -> C8 (c4f2d56),src/database.py::QueryBuilder,src/database.py,class,NO,NOT DRIFTED,0,0,408,0,0.0,1.0,YES
C7 (ecdf44a) -> C8 (c4f2d56),src/database.py::QueryBuilder::__init__,src/database.py,method,NO,NOT DRIFTED,0,0,408,0,0.0,1.0,YES
C7 (ecdf44a) -> C8 (c4f2d56),src/database.py::QueryBuilder::build_clause,src/database.py,method,NO,NOT DRIFTED,0,0,408,0,0.0,1.0,YES
C7 (ecdf44a) -> C8 (c4f2d56),src/database.py::apply_migrations,src/database.py,function,NO,NOT DRIFTED,0,0,408,0,0.0,1.0,YES
C7 (ecdf44a) -> C8 (c4f2d56),src/database.py::build_insert_query,src/database.py,function,NO,NOT DRIFTED,0,0,408,0,0.0,1.0,YES
C7 (ecdf44a) -> C8 (c4f2d56),src/database.py::build_select_query,src/database.py,function,NO,NOT DRIFTED,0,0,408,0,0.0,1.0,YES
C7 (ecdf44a) -> C8 (c4f2d56),src/database.py::connect_db,src/database.py,function,NO,NOT DRIFTED,0,0,408,0,0.0,1.0,YES
C7 (ecdf44a) -> C8 (c4f2d56),src/database.py::execute_query,src/database.py,function,NO,NOT DRIFTED,0,0,408,0,0.0,1.0,YES
C7 (ecdf44a) -> C8 (c4f2d56),src/database.py::save_model,src/database.py,function,NO,NOT DRIFTED,0,0,408,0,0.0,1.0,YES
C7 (ecdf44a) -> C8 (c4f2d56),src/utils.py::CryptoHelper,src/utils.py,class,NO,NOT DRIFTED,0,0,408,0,0.0,1.0,YES
C7 (ecdf44a) -> C8 (c4f2d56),src/utils.py::CryptoHelper::__init__,src/utils.py,method,NO,NOT DRIFTED,0,0,408,0,0.0,1.0,YES
C7 (ecdf44a) -> C8 (c4f2d56),src/utils.py::CryptoHelper::get_key_length,src/utils.py,method,NO,NOT DRIFTED,0,0,408,0,0.0,1.0,YES
C7 (ecdf44a) -> C8 (c4f2d56),src/utils.py::DateFormatter,src/utils.py,class,NO,NOT DRIFTED,0,0,408,0,0.0,1.0,YES
C7 (ecdf44a) -> C8 (c4f2d56),src/utils.py::DateFormatter::__init__,src/utils.py,method,NO,NOT DRIFTED,0,0,408,0,0.0,1.0,YES
C7 (ecdf44a) -> C8 (c4f2d56),src/utils.py::DateFormatter::get_tz,src/utils.py,method,NO,NOT DRIFTED,0,0,408,0,0.0,1.0,YES
C7 (ecdf44a) -> C8 (c4f2d56),src/utils.py::LoggerWrapper,src/utils.py,class,NO,NOT DRIFTED,0,0,408,0,0.0,1.0,YES
C7 (ecdf44a) -> C8 (c4f2d56),src/utils.py::LoggerWrapper::__init__,src/utils.py,method,NO,NOT DRIFTED,0,0,408,0,0.0,1.0,YES
C7 (ecdf44a) -> C8 (c4f2d56),src/utils.py::LoggerWrapper::format_msg,src/utils.py,method,NO,NOT DRIFTED,0,0,408,0,0.0,1.0,YES
C7 (ecdf44a) -> C8 (c4f2d56),src/utils.py::StringCleaner,src/utils.py,class,NO,NOT DRIFTED,0,0,408,0,0.0,1.0,YES
C7 (ecdf44a) -> C8 (c4f2d56),src/utils.py::StringCleaner::__init__,src/utils.py,method,NO,NOT DRIFTED,0,0,408,0,0.0,1.0,YES
C7 (ecdf44a) -> C8 (c4f2d56),src/utils.py::StringCleaner::clean,src/utils.py,method,NO,NOT DRIFTED,0,0,408,0,0.0,1.0,YES
C7 (ecdf44a) -> C8 (c4f2d56),src/utils.py::decrypt_data,src/utils.py,function,NO,NOT DRIFTED,0,0,408,0,0.0,1.0,YES
C7 (ecdf44a) -> C8 (c4f2d56),src/utils.py::encrypt_data,src/utils.py,function,NO,NOT DRIFTED,0,0,408,0,0.0,1.0,YES
C7 (ecdf44a) -> C8 (c4f2d56),src/utils.py::format_iso_date,src/utils.py,function,NO,NOT DRIFTED,0,0,408,0,0.0,1.0,YES
C7 (ecdf44a) -> C8 (c4f2d56),src/utils.py::log_error,src/utils.py,function,NO,NOT DRIFTED,0,0,408,0,0.0,1.0,YES
C7 (ecdf44a) -> C8 (c4f2d56),src/utils.py::log_info,src/utils.py,function,NO,NOT DRIFTED,0,0,408,0,0.0,1.0,YES
C7 (ecdf44a) -> C8 (c4f2d56),src/utils.py::sanitize_input,src/utils.py,function,NO,NOT DRIFTED,0,0,408,0,0.0,1.0,YES
C8 (c4f2d56) -> C9 (9834080),src/api.py::APIRouter,src/api.py,class,NO,NOT DRIFTED,0,0,408,0,0.0,1.0,YES
C8 (c4f2d56) -> C9 (9834080),src/api.py::APIRouter::__init__,src/api.py,method,NO,NOT DRIFTED,0,0,408,0,0.0,1.0,YES
C8 (c4f2d56) -> C9 (9834080),src/api.py::APIRouter::match_route,src/api.py,method,NO,NOT DRIFTED,0,0,408,0,0.0,1.0,YES
C8 (c4f2d56) -> C9 (9834080),src/api.py::MiddlewarePipeline,src/api.py,class,NO,NOT DRIFTED,0,0,408,0,0.0,1.0,YES
C8 (c4f2d56) -> C9 (9834080),src/api.py::MiddlewarePipeline::__init__,src/api.py,method,NO,NOT DRIFTED,0,0,408,0,0.0,1.0,YES
C8 (c4f2d56) -> C9 (9834080),src/api.py::MiddlewarePipeline::execute_all,src/api.py,method,NO,NOT DRIFTED,0,0,408,0,0.0,1.0,YES
C8 (c4f2d56) -> C9 (9834080),src/api.py::MiddlewarePipeline::register,src/api.py,method,NO,NOT DRIFTED,0,0,408,0,0.0,1.0,YES
C8 (c4f2d56) -> C9 (9834080),src/api.py::RateLimiter,src/api.py,class,NO,NOT DRIFTED,0,0,408,0,0.0,1.0,YES
C8 (c4f2d56) -> C9 (9834080),src/api.py::RateLimiter::__init__,src/api.py,method,NO,NOT DRIFTED,0,0,408,0,0.0,1.0,YES
C8 (c4f2d56) -> C9 (9834080),src/api.py::RateLimiter::is_exceeded,src/api.py,method,NO,NOT DRIFTED,0,0,408,0,0.0,1.0,YES
C8 (c4f2d56) -> C9 (9834080),src/api.py::ResponseFormatter,src/api.py,class,NO,NOT DRIFTED,0,0,408,0,0.0,1.0,YES
C8 (c4f2d56) -> C9 (9834080),src/api.py::ResponseFormatter::__init__,src/api.py,method,NO,NOT DRIFTED,0,0,408,0,0.0,1.0,YES
C8 (c4f2d56) -> C9 (9834080),src/api.py::ResponseFormatter::build_envelope,src/api.py,method,NO,NOT DRIFTED,0,0,408,0,0.0,1.0,YES
C8 (c4f2d56) -> C9 (9834080),src/api.py::allow_request,src/api.py,function,NO,NOT DRIFTED,0,0,408,0,0.0,1.0,YES
C8 (c4f2d56) -> C9 (9834080),src/api.py::auth_middleware,src/api.py,function,NO,NOT DRIFTED,0,0,408,0,0.0,1.0,YES
C8 (c4f2d56) -> C9 (9834080),src/api.py::error_handler,src/api.py,function,NO,NOT DRIFTED,0,0,408,0,0.0,1.0,YES
C8 (c4f2d56) -> C9 (9834080),src/api.py::handle_request,src/api.py,function,NO,NOT DRIFTED,0,0,408,0,0.0,1.0,YES
C8 (c4f2d56) -> C9 (9834080),src/api.py::json_response,src/api.py,function,NO,NOT DRIFTED,0,0,408,0,0.0,1.0,YES
C8 (c4f2d56) -> C9 (9834080),src/api.py::logging_middleware,src/api.py,function,NO,NOT DRIFTED,0,0,408,0,0.0,1.0,YES
C8 (c4f2d56) -> C9 (9834080),src/auth.py::RBACController,src/auth.py,class,NO,NOT DRIFTED,0,0,408,0,0.0,1.0,YES
C8 (c4f2d56) -> C9 (9834080),src/auth.py::RBACController::__init__,src/auth.py,method,NO,NOT DRIFTED,0,0,408,0,0.0,1.0,YES
C8 (c4f2d56) -> C9 (9834080),src/auth.py::RBACController::is_authorized,src/auth.py,method,NO,NOT DRIFTED,0,0,408,0,0.0,1.0,YES
C8 (c4f2d56) -> C9 (9834080),src/auth.py::SessionManager,src/auth.py,class,NO,NOT DRIFTED,0,0,408,0,0.0,1.0,YES
C8 (c4f2d56) -> C9 (9834080),src/auth.py::SessionManager::__init__,src/auth.py,method,NO,NOT DRIFTED,0,0,408,0,0.0,1.0,YES
C8 (c4f2d56) -> C9 (9834080),src/auth.py::SessionManager::get_session,src/auth.py,method,NO,NOT DRIFTED,0,0,408,0,0.0,1.0,YES
C8 (c4f2d56) -> C9 (9834080),src/auth.py::TokenValidator,src/auth.py,class,NO,NOT DRIFTED,0,0,408,0,0.0,1.0,YES
C8 (c4f2d56) -> C9 (9834080),src/auth.py::TokenValidator::__init__,src/auth.py,method,NO,NOT DRIFTED,0,0,408,0,0.0,1.0,YES
C8 (c4f2d56) -> C9 (9834080),src/auth.py::TokenValidator::validate_structure,src/auth.py,method,NO,NOT DRIFTED,0,0,408,0,0.0,1.0,YES
C8 (c4f2d56) -> C9 (9834080),src/auth.py::check_permission,src/auth.py,function,NO,NOT DRIFTED,0,0,408,0,0.0,1.0,YES
C8 (c4f2d56) -> C9 (9834080),src/auth.py::create_session,src/auth.py,function,NO,NOT DRIFTED,0,0,408,0,0.0,1.0,YES
C8 (c4f2d56) -> C9 (9834080),src/auth.py::destroy_session,src/auth.py,function,NO,NOT DRIFTED,0,0,408,0,0.0,1.0,YES
C8 (c4f2d56) -> C9 (9834080),src/auth.py::generate_token,src/auth.py,function,NO,NOT DRIFTED,0,0,408,0,0.0,1.0,YES
C8 (c4f2d56) -> C9 (9834080),src/auth.py::hash_password,src/auth.py,function,NO,NOT DRIFTED,0,0,408,0,0.0,1.0,YES
C8 (c4f2d56) -> C9 (9834080),src/auth.py::validate_jwt,src/auth.py,function,NO,NOT DRIFTED,0,0,408,0,0.0,1.0,YES
C8 (c4f2d56) -> C9 (9834080),src/auth.py::verify_password,src/auth.py,function,NO,NOT DRIFTED,0,0,408,0,0.0,1.0,YES
C8 (c4f2d56) -> C9 (9834080),src/cache.py::InvalidationManager,src/cache.py,class,NO,NOT DRIFTED,0,0,408,0,0.0,1.0,YES
C8 (c4f2d56) -> C9 (9834080),src/cache.py::InvalidationManager::__init__,src/cache.py,method,NO,NOT DRIFTED,0,0,408,0,0.0,1.0,YES
C8 (c4f2d56) -> C9 (9834080),src/cache.py::InvalidationManager::should_purge,src/cache.py,method,NO,NOT DRIFTED,0,0,408,0,0.0,1.0,YES
C8 (c4f2d56) -> C9 (9834080),src/cache.py::KeySerializer,src/cache.py,class,NO,NOT DRIFTED,0,0,408,0,0.0,1.0,YES
C8 (c4f2d56) -> C9 (9834080),src/cache.py::KeySerializer::__init__,src/cache.py,method,NO,NOT DRIFTED,0,0,408,0,0.0,1.0,YES
C8 (c4f2d56) -> C9 (9834080),src/cache.py::KeySerializer::format_prefix,src/cache.py,method,NO,NOT DRIFTED,0,0,408,0,0.0,1.0,YES
C8 (c4f2d56) -> C9 (9834080),src/cache.py::LRUCache,src/cache.py,class,NO,NOT DRIFTED,0,0,408,0,0.0,1.0,YES
C8 (c4f2d56) -> C9 (9834080),src/cache.py::LRUCache::__init__,src/cache.py,method,NO,NOT DRIFTED,0,0,408,0,0.0,1.0,YES
C8 (c4f2d56) -> C9 (9834080),src/cache.py::LRUCache::is_full,src/cache.py,method,NO,NOT DRIFTED,0,0,408,0,0.0,1.0,YES
C8 (c4f2d56) -> C9 (9834080),src/cache.py::LRUCache::record_hit,src/cache.py,method,NO,NOT DRIFTED,0,0,408,0,0.0,1.0,YES
C8 (c4f2d56) -> C9 (9834080),src/cache.py::RedisManager,src/cache.py,class,NO,NOT DRIFTED,0,0,408,0,0.0,1.0,YES
C8 (c4f2d56) -> C9 (9834080),src/cache.py::RedisManager::__init__,src/cache.py,method,NO,NOT DRIFTED,0,0,408,0,0.0,1.0,YES
C8 (c4f2d56) -> C9 (9834080),src/cache.py::RedisManager::ping,src/cache.py,method,NO,NOT DRIFTED,0,0,408,0,0.0,1.0,YES
C8 (c4f2d56) -> C9 (9834080),src/cache.py::cache_get,src/cache.py,function,NO,NOT DRIFTED,0,0,408,0,0.0,1.0,YES
C8 (c4f2d56) -> C9 (9834080),src/cache.py::cache_set,src/cache.py,function,NO,NOT DRIFTED,0,0,408,0,0.0,1.0,YES
C8 (c4f2d56) -> C9 (9834080),src/cache.py::flush_all,src/cache.py,function,NO,NOT DRIFTED,0,0,408,0,0.0,1.0,YES
C8 (c4f2d56) -> C9 (9834080),src/cache.py::purge_stale_keys,src/cache.py,function,NO,NOT DRIFTED,0,0,408,0,0.0,1.0,YES
C8 (c4f2d56) -> C9 (9834080),src/cache.py::redis_connect,src/cache.py,function,NO,NOT DRIFTED,0,0,408,0,0.0,1.0,YES
C8 (c4f2d56) -> C9 (9834080),src/cache.py::serialize_key,src/cache.py,function,NO,NOT DRIFTED,0,0,408,0,0.0,1.0,YES
C8 (c4f2d56) -> C9 (9834080),src/database.py::DatabaseClient,src/database.py,class,NO,NOT DRIFTED,0,0,408,0,0.0,1.0,YES
C8 (c4f2d56) -> C9 (9834080),src/database.py::DatabaseClient::__init__,src/database.py,method,NO,NOT DRIFTED,0,0,408,0,0.0,1.0,YES
C8 (c4f2d56) -> C9 (9834080),src/database.py::DatabaseClient::is_active,src/database.py,method,NO,NOT DRIFTED,0,0,408,0,0.0,1.0,YES
C8 (c4f2d56) -> C9 (9834080),src/database.py::MigrationRunner,src/database.py,class,NO,NOT DRIFTED,0,0,408,0,0.0,1.0,YES
C8 (c4f2d56) -> C9 (9834080),src/database.py::MigrationRunner::__init__,src/database.py,method,NO,NOT DRIFTED,0,0,408,0,0.0,1.0,YES
C8 (c4f2d56) -> C9 (9834080),src/database.py::MigrationRunner::get_version,src/database.py,method,NO,NOT DRIFTED,0,0,408,0,0.0,1.0,YES
C8 (c4f2d56) -> C9 (9834080),src/database.py::ORMModel,src/database.py,class,NO,NOT DRIFTED,0,0,408,0,0.0,1.0,YES
C8 (c4f2d56) -> C9 (9834080),src/database.py::ORMModel::__init__,src/database.py,method,NO,NOT DRIFTED,0,0,408,0,0.0,1.0,YES
C8 (c4f2d56) -> C9 (9834080),src/database.py::ORMModel::to_dict,src/database.py,method,NO,NOT DRIFTED,0,0,408,0,0.0,1.0,YES
C8 (c4f2d56) -> C9 (9834080),src/database.py::QueryBuilder,src/database.py,class,NO,NOT DRIFTED,0,0,408,0,0.0,1.0,YES
C8 (c4f2d56) -> C9 (9834080),src/database.py::QueryBuilder::__init__,src/database.py,method,NO,NOT DRIFTED,0,0,408,0,0.0,1.0,YES
C8 (c4f2d56) -> C9 (9834080),src/database.py::QueryBuilder::build_clause,src/database.py,method,NO,NOT DRIFTED,0,0,408,0,0.0,1.0,YES
C8 (c4f2d56) -> C9 (9834080),src/database.py::apply_migrations,src/database.py,function,NO,NOT DRIFTED,0,0,408,0,0.0,1.0,YES
C8 (c4f2d56) -> C9 (9834080),src/database.py::build_insert_query,src/database.py,function,NO,NOT DRIFTED,0,0,408,0,0.0,1.0,YES
C8 (c4f2d56) -> C9 (9834080),src/database.py::build_select_query,src/database.py,function,NO,NOT DRIFTED,0,0,408,0,0.0,1.0,YES
C8 (c4f2d56) -> C9 (9834080),src/database.py::connect_db,src/database.py,function,NO,NOT DRIFTED,0,0,408,0,0.0,1.0,YES
C8 (c4f2d56) -> C9 (9834080),src/database.py::execute_query,src/database.py,function,NO,NOT DRIFTED,0,0,408,0,0.0,1.0,YES
C8 (c4f2d56) -> C9 (9834080),src/database.py::save_model,src/database.py,function,NO,NOT DRIFTED,0,0,408,0,0.0,1.0,YES
C8 (c4f2d56) -> C9 (9834080),src/utils.py::CryptoHelper,src/utils.py,class,YES,NOT DRIFTED,0,0,408,0,0.0,1.0,YES
C8 (c4f2d56) -> C9 (9834080),src/utils.py::CryptoHelper::__init__,src/utils.py,method,YES,NOT DRIFTED,0,0,408,0,0.0,1.0,YES
C8 (c4f2d56) -> C9 (9834080),src/utils.py::CryptoHelper::get_key_length,src/utils.py,method,YES,NOT DRIFTED,0,0,408,0,0.0,1.0,YES
C8 (c4f2d56) -> C9 (9834080),src/utils.py::DateFormatter,src/utils.py,class,YES,DRIFTED,1,8,408,0,0.0,1.0,YES
C8 (c4f2d56) -> C9 (9834080),src/utils.py::DateFormatter::__init__,src/utils.py,method,YES,NOT DRIFTED,0,0,408,0,0.0,1.0,YES
C8 (c4f2d56) -> C9 (9834080),src/utils.py::DateFormatter::get_tz,src/utils.py,method,YES,NOT DRIFTED,0,0,408,0,0.0,1.0,YES
C8 (c4f2d56) -> C9 (9834080),src/utils.py::LoggerWrapper,src/utils.py,class,YES,DRIFTED,1,4,408,1,-0.0006,1.0,YES
C8 (c4f2d56) -> C9 (9834080),src/utils.py::LoggerWrapper::__init__,src/utils.py,method,YES,DRIFTED,1,3,408,0,0.0,1.0,YES
C8 (c4f2d56) -> C9 (9834080),src/utils.py::LoggerWrapper::format_msg,src/utils.py,method,YES,DRIFTED,1,13,408,0,0.0,1.0,YES
C8 (c4f2d56) -> C9 (9834080),src/utils.py::StringCleaner,src/utils.py,class,YES,NOT DRIFTED,0,0,408,0,0.0,1.0,YES
C8 (c4f2d56) -> C9 (9834080),src/utils.py::StringCleaner::__init__,src/utils.py,method,YES,NOT DRIFTED,0,0,408,0,0.0,1.0,YES
C8 (c4f2d56) -> C9 (9834080),src/utils.py::StringCleaner::clean,src/utils.py,method,YES,NOT DRIFTED,0,0,408,0,0.0,1.0,YES
C8 (c4f2d56) -> C9 (9834080),src/utils.py::decrypt_data,src/utils.py,function,YES,NOT DRIFTED,0,0,408,0,0.0,1.0,YES
C8 (c4f2d56) -> C9 (9834080),src/utils.py::encrypt_data,src/utils.py,function,YES,NOT DRIFTED,0,0,408,0,0.0,1.0,YES
C8 (c4f2d56) -> C9 (9834080),src/utils.py::format_iso_date,src/utils.py,function,YES,NOT DRIFTED,0,0,408,0,0.0,1.0,YES
C8 (c4f2d56) -> C9 (9834080),src/utils.py::log_error,src/utils.py,function,YES,DRIFTED,1,2,408,1,0.0003,1.0,YES
C8 (c4f2d56) -> C9 (9834080),src/utils.py::log_info,src/utils.py,function,YES,DRIFTED,1,4,408,1,0.0,1.0,YES
C8 (c4f2d56) -> C9 (9834080),src/utils.py::sanitize_input,src/utils.py,function,YES,NOT DRIFTED,0,0,408,0,0.0,1.0,YES
